timestamp,icao24,callsign,latitude,longitude,altitude
5/3/2026 2:34,75010a,AXM6414,3.7496,101.0467,9509.76
5/3/2026 2:35,75010a,AXM6414,3.8101,101.0054,9326.88
5/3/2026 3:14,8960f0,UAE315,3.5231,101.2968,10690.86
5/3/2026 3:14,750222,MAS1140,3.9218,100.8836,6705.6
5/3/2026 3:14,75027c,AXM6142,3.6634,100.8009,7315.2
5/3/2026 3:14,75031a,MAS1143,3.5907,101.4735,7383.78
5/3/2026 3:14,4d20ca,VJT570,3.9751,101.8031,11582.4
5/3/2026 3:15,8960f0,UAE315,3.5666,101.2365,10835.64
5/3/2026 3:15,750222,MAS1140,3.9358,100.8751,6705.6
5/3/2026 3:15,75027c,AXM6142,3.6634,100.8009,7315.2
5/3/2026 3:15,75031a,MAS1143,3.5614,101.4997,7330.44
5/3/2026 3:15,4d20ca,VJT570,4.0222,101.7711,11582.4
5/3/2026 3:15,8960f0,UAE315,3.6133,101.1719,10972.8
5/3/2026 3:15,750222,MAS1140,3.9358,100.8751,6705.6
5/3/2026 3:15,75027c,AXM6142,3.6634,100.8009,7315.2
5/3/2026 3:15,75031a,MAS1143,3.5138,101.5425,7239
5/3/2026 3:15,4d20ca,VJT570,4.0774,101.7336,11582.4
5/3/2026 3:16,8960f0,UAE315,3.6413,101.133,11102.34
5/3/2026 3:16,750222,MAS1140,3.9358,100.8751,6705.6
5/3/2026 3:16,75027c,AXM6142,3.6634,100.8009,7315.2
5/3/2026 3:16,4d20ca,VJT570,4.0774,101.7336,11582.4
5/3/2026 3:16,80047a,AIC348,3.7735,100.2706,10058.4
5/3/2026 3:16,8960f0,UAE315,3.6888,101.0671,11330.94
5/3/2026 3:16,750222,MAS1140,3.9358,100.8751,6705.6
5/3/2026 3:16,75027c,AXM6142,4.0024,100.7728,7284.72
5/3/2026 3:16,4d20ca,VJT570,4.0774,101.7336,11582.4
5/3/2026 3:17,80047a,AIC348,3.7735,100.2706,10058.4
5/3/2026 3:17,8960f0,UAE315,3.7276,101.0134,11407.14
5/3/2026 3:17,750222,MAS1140,3.9358,100.8751,6705.6
5/3/2026 3:17,75027c,AXM6142,4.0673,100.7675,7155.18
5/3/2026 3:17,4d20ca,VJT570,4.2456,101.6193,11582.4
5/3/2026 3:17,80047a,AIC348,3.681,100.3649,10058.4
5/3/2026 3:17,8960f0,UAE315,3.7728,100.9507,11506.2
5/3/2026 3:17,750222,MAS1140,3.9358,100.8751,6705.6
5/3/2026 3:17,75027c,AXM6142,4.0673,100.7675,7155.18
5/3/2026 3:17,4d20ca,VJT570,4.2681,101.604,11582.4
5/3/2026 3:18,80047a,AIC348,3.6684,100.3778,10058.4
5/3/2026 3:18,8960f0,UAE315,3.8096,100.8994,11544.3
5/3/2026 3:18,750222,MAS1140,3.9358,100.8751,6705.6
5/3/2026 3:18,75027c,AXM6142,4.0673,100.7675,7155.18
5/3/2026 3:18,4d20ca,VJT570,4.3467,101.5506,11582.4
5/3/2026 3:19,80047a,AIC348,3.6684,100.3778,10058.4
5/3/2026 3:19,8960f0,UAE315,3.8096,100.8994,11544.3
5/3/2026 3:19,750222,MAS1140,3.9358,100.8751,6705.6
5/3/2026 3:19,75027c,AXM6142,4.0673,100.7675,7155.18
5/3/2026 3:19,4d20ca,VJT570,4.3467,101.5506,11582.4
5/3/2026 3:19,80047a,AIC348,3.6684,100.3778,10058.4
5/3/2026 3:19,8960f0,UAE315,3.8892,100.7891,11582.4
5/3/2026 3:19,750222,MAS1140,3.9358,100.8751,6705.6
5/3/2026 3:19,75027c,AXM6142,4.0673,100.7675,7155.18
5/3/2026 3:19,4d20ca,VJT570,4.3467,101.5506,11582.4
5/3/2026 3:20,8960f0,UAE315,3.9268,100.737,11582.4
5/3/2026 3:20,750222,MAS1140,3.9358,100.8751,6705.6
5/3/2026 3:20,75027c,AXM6142,4.0673,100.7675,7155.18
5/3/2026 3:20,4d20ca,VJT570,4.3467,101.5506,11582.4
5/3/2026 3:20,8960f0,UAE315,3.9268,100.737,11582.4
5/3/2026 3:20,75027c,AXM6142,4.0673,100.7675,7155.18
5/3/2026 3:20,4d20ca,VJT570,4.3467,101.5506,11582.4
5/3/2026 3:21,8960f0,UAE315,3.9268,100.737,11582.4
5/3/2026 3:21,75027c,AXM6142,4.0673,100.7675,7155.18
5/3/2026 3:21,7.50E+09,AXM891,3.5932,101.8371,7162.8
5/3/2026 3:21,4d20ca,VJT570,4.3467,101.5506,11582.4
5/3/2026 3:21,8960f0,UAE315,3.9268,100.737,11582.4
5/3/2026 3:21,75027c,AXM6142,4.0673,100.7675,7155.18
5/3/2026 3:21,7.50E+09,AXM891,3.5375,101.7956,6918.96
5/3/2026 3:21,4d20ca,VJT570,4.3467,101.5506,11582.4
5/3/2026 3:22,8014dd,AIC2106,3.5137,101.1248,10972.8
5/3/2026 3:22,8960f0,UAE315,3.9268,100.737,11582.4
5/3/2026 3:22,75027c,AXM6142,4.0673,100.7675,7155.18
5/3/2026 3:22,7.50E+09,AXM891,3.5086,101.7737,6774.18
5/3/2026 3:22,750404,MXD812,3.5141,101.2542,6377.94
5/3/2026 3:22,4d20ca,VJT570,4.3467,101.5506,11582.4
5/3/2026 3:22,8014dd,AIC2106,3.5604,101.0494,10965.18
5/3/2026 3:22,8960f0,UAE315,3.9268,100.737,11582.4
5/3/2026 3:22,750404,MXD812,3.5703,101.2119,5951.22
5/3/2026 3:22,4d20ca,VJT570,4.3467,101.5506,11582.4
5/3/2026 3:23,8014dd,AIC2106,3.5841,101.0111,10972.8
5/3/2026 3:23,8960f0,UAE315,3.9268,100.737,11582.4
5/3/2026 3:23,750404,MXD812,3.5995,101.1903,5715
5/3/2026 3:23,4d20ca,VJT570,4.3467,101.5506,11582.4
5/3/2026 3:23,8014dd,AIC2106,3.6247,100.9453,10980.42
5/3/2026 3:23,76b86b,TGW427,4.1722,101.547,9479.28
5/3/2026 3:23,8960f0,UAE315,3.9268,100.737,11582.4
5/3/2026 3:23,750404,MXD812,3.6437,101.157,5379.72
5/3/2026 3:23,4d20ca,VJT570,4.3467,101.5506,11582.4
5/3/2026 3:24,8014dd,AIC2106,3.655,100.8966,10980.42
5/3/2026 3:24,8014f0,VTSRJ,3.5165,100.9591,12184.38
5/3/2026 3:24,76b86b,TGW427,4.1331,101.586,9662.16
5/3/2026 3:24,8960f0,UAE315,3.9268,100.737,11582.4
5/3/2026 3:24,750404,MXD812,3.6562,101.1474,5280.66
5/3/2026 3:24,8014dd,AIC2106,3.6982,100.8267,10965.18
5/3/2026 3:24,8014f0,VTSRJ,3.5717,100.879,12184.38
5/3/2026 3:24,76b86b,TGW427,4.0714,101.6438,10012.68
5/3/2026 3:24,8960f0,UAE315,3.9268,100.737,11582.4
5/3/2026 3:24,750404,MXD812,3.6562,101.1474,5280.66
5/3/2026 3:25,8014dd,AIC2106,3.7191,100.7929,10965.18
5/3/2026 3:25,8014f0,VTSRJ,3.5717,100.879,12184.38
5/3/2026 3:25,76b86b,TGW427,4.0503,101.6611,10111.74
5/3/2026 3:25,8960f0,UAE315,3.9268,100.737,11582.4
5/3/2026 3:25,750404,MXD812,3.6562,101.1474,5280.66
5/3/2026 3:25,8014dd,AIC2106,3.7667,100.7159,10972.8
5/3/2026 3:25,8014f0,VTSRJ,3.6211,100.8073,12192
5/3/2026 3:25,76b86b,TGW427,3.9729,101.7256,10523.22
5/3/2026 3:25,750404,MXD812,3.6562,101.1474,5280.66
5/3/2026 3:26,8014dd,AIC2106,3.8001,100.662,10980.42
5/3/2026 3:26,8014f0,VTSRJ,3.6211,100.8073,12192
5/3/2026 3:26,76b86b,TGW427,3.9251,101.7667,10652.76
5/3/2026 3:26,750404,MXD812,3.6562,101.1474,5280.66
5/3/2026 3:26,8014dd,AIC2106,3.8034,100.6566,10980.42
5/3/2026 3:26,8014f0,VTSRJ,3.7343,100.643,12192
5/3/2026 3:26,76b86b,TGW427,3.8693,101.8028,10668
5/3/2026 3:26,750404,MXD812,3.6562,101.1474,5280.66
5/3/2026 3:27,8014dd,AIC2106,3.8506,100.5803,10980.42
5/3/2026 3:27,8014f0,VTSRJ,3.7569,100.6101,12184.38
5/3/2026 3:27,8.85E+04,THA415,3.5511,101.4623,6263.64
5/3/2026 3:27,76b86b,TGW427,3.8299,101.8219,10668
5/3/2026 3:27,750404,MXD812,3.6562,101.1474,5280.66
5/3/2026 3:27,8014dd,AIC2106,3.8967,100.5058,10972.8
5/3/2026 3:27,8014f0,VTSRJ,3.8058,100.5391,12184.38
5/3/2026 3:27,8.85E+04,THA415,3.5039,101.5122,6042.66
5/3/2026 3:27,76b86b,TGW427,3.7564,101.8597,10668
5/3/2026 3:27,750404,MXD812,3.6562,101.1474,5280.66
5/3/2026 3:27,750419,AXM866,3.5447,101.245,6987.54
5/3/2026 3:28,8014dd,AIC2106,3.8967,100.5058,10972.8
5/3/2026 3:28,8014f0,VTSRJ,3.8356,100.4957,12199.62
5/3/2026 3:28,8.85E+04,THA415,3.5039,101.5122,6042.66
5/3/2026 3:28,76b86b,TGW427,3.7168,101.8801,10668
5/3/2026 3:28,750404,MXD812,3.6562,101.1474,5280.66
5/3/2026 3:28,750419,AXM866,3.5447,101.245,6987.54
5/3/2026 3:28,8014dd,AIC2106,3.8967,100.5058,10972.8
5/3/2026 3:28,8014f0,VTSRJ,3.8356,100.4957,12199.62
5/3/2026 3:28,76b86b,TGW427,3.6431,101.9178,10668
5/3/2026 3:28,750404,MXD812,3.6562,101.1474,5280.66
5/3/2026 3:28,750419,AXM866,3.5447,101.245,6987.54
5/3/2026 3:29,8014dd,AIC2106,3.8967,100.5058,10972.8
5/3/2026 3:29,8014f0,VTSRJ,3.8356,100.4957,12199.62
5/3/2026 3:29,76b86b,TGW427,3.5823,101.9489,10668
5/3/2026 3:29,750419,AXM866,3.5447,101.245,6987.54
5/3/2026 3:29,8014dd,AIC2106,3.8967,100.5058,10972.8
5/3/2026 3:29,8014f0,VTSRJ,3.8356,100.4957,12199.62
5/3/2026 3:29,76b86b,TGW427,3.5234,101.979,10660.38
5/3/2026 3:29,750419,AXM866,3.5447,101.245,6987.54
5/3/2026 3:30,8014dd,AIC2106,4.0779,100.2124,10972.8
5/3/2026 3:30,8014f0,VTSRJ,3.8356,100.4957,12199.62
5/3/2026 3:30,750419,AXM866,3.5447,101.245,6987.54
5/3/2026 3:30,8014dd,AIC2106,4.0779,100.2124,10972.8
5/3/2026 3:30,8014f0,VTSRJ,3.8356,100.4957,12199.62
5/3/2026 3:30,750419,AXM866,3.5447,101.245,6987.54
5/3/2026 3:31,8014dd,AIC2106,4.0779,100.2124,10972.8
5/3/2026 3:31,8014f0,VTSRJ,3.8356,100.4957,12199.62
5/3/2026 3:31,750419,AXM866,3.5447,101.245,6987.54
5/3/2026 3:31,8014dd,AIC2106,4.0779,100.2124,10972.8
5/3/2026 3:31,8014f0,VTSRJ,3.8356,100.4957,12199.62
5/3/2026 3:31,750419,AXM866,3.5447,101.245,6987.54
5/3/2026 3:31,70e08c,KTC174,3.5007,101.9925,6202.68
5/3/2026 3:32,8014dd,AIC2106,4.0779,100.2124,10972.8
5/3/2026 3:32,8014f0,VTSRJ,3.8356,100.4957,12199.62
5/3/2026 3:32,750419,AXM866,3.5447,101.245,6987.54
5/3/2026 3:32,8014dd,AIC2106,4.0779,100.2124,10972.8
5/3/2026 3:32,8014f0,VTSRJ,3.8356,100.4957,12199.62
5/3/2026 3:33,8014dd,AIC2106,4.0779,100.2124,10972.8
5/3/2026 3:33,7500c5,PUTRA01,3.5252,101.0661,5265.42
5/3/2026 3:33,8014dd,AIC2106,4.0779,100.2124,10972.8
5/3/2026 3:33,7500c5,PUTRA01,3.5338,101.06,5212.08
5/3/2026 3:34,8014dd,AIC2106,4.0779,100.2124,10972.8
5/3/2026 3:34,7500c5,PUTRA01,3.5981,101.0168,4831.08
5/3/2026 3:34,8014dd,AIC2106,4.0779,100.2124,10972.8
5/3/2026 3:34,7500c5,PUTRA01,3.6077,101.012,4777.74
5/3/2026 3:35,8014dd,AIC2106,4.0779,100.2124,10972.8
5/3/2026 3:35,7500c5,PUTRA01,3.6077,101.012,4777.74
5/3/2026 3:35,7500c5,PUTRA01,3.6077,101.012,4777.74
5/3/2026 3:36,7500c5,PUTRA01,3.6077,101.012,4777.74
5/3/2026 3:37,7500c5,PUTRA01,3.6077,101.012,4777.74
5/3/2026 3:37,7500c5,PUTRA01,3.8497,100.9033,3390.9
5/3/2026 3:37,750457,AXM733,3.553,101.1132,11582.4
5/3/2026 3:38,7500c5,PUTRA01,3.8825,100.8885,3215.64
5/3/2026 3:38,750457,AXM733,3.5898,101.0724,11582.4
5/3/2026 3:38,750586,N/A,3.8153,100.9869,6873.24
5/3/2026 3:38,7500c5,PUTRA01,3.9025,100.8795,3108.96
5/3/2026 3:38,750457,AXM733,3.6351,101.0266,11582.4
5/3/2026 3:38,750586,AXM6307,3.7626,101.0003,6774.18
5/3/2026 3:39,7500c5,PUTRA01,3.9025,100.8795,3108.96
5/3/2026 3:39,750457,AXM733,3.695,100.9801,11582.4
5/3/2026 3:39,750586,AXM6307,3.7071,101.0144,6705.6
5/3/2026 3:39,7500c5,PUTRA01,3.9025,100.8795,3108.96
5/3/2026 3:39,750457,AXM733,3.7484,100.9486,11590.02
5/3/2026 3:39,750586,AXM6307,3.6659,101.0249,6705.6
5/3/2026 3:40,8016b6,VTJSJ,3.5071,100.926,10355.58
5/3/2026 3:40,76d103,TGW682,3.5468,101.9944,11452.86
5/3/2026 3:40,7500c5,PUTRA01,3.9025,100.8795,3108.96
5/3/2026 3:40,750457,AXM733,3.7999,100.9246,11590.02
5/3/2026 3:40,750586,AXM6307,3.6233,101.0358,6705.6
5/3/2026 3:40,8016b6,VTJSJ,3.5451,100.8599,10363.2
5/3/2026 3:40,76d103,TGW682,3.6099,101.9609,11574.78
5/3/2026 3:40,7500c5,PUTRA01,3.9025,100.8795,3108.96
5/3/2026 3:40,750457,AXM733,3.8665,100.8947,11582.4
5/3/2026 3:40,750586,AXM6307,3.5463,101.0555,6705.6
5/3/2026 3:41,8016b6,VTJSJ,3.5884,100.7851,10363.2
5/3/2026 3:41,76d103,TGW682,3.6684,101.9298,11582.4
5/3/2026 3:41,7500c5,PUTRA01,3.9025,100.8795,3108.96
5/3/2026 3:41,750457,AXM733,3.9269,100.8677,11574.78
5/3/2026 3:41,8016b6,VTJSJ,3.6137,100.7489,10355.58
5/3/2026 3:41,76d103,TGW682,3.7208,101.9021,11582.4
5/3/2026 3:41,7500c5,PUTRA01,3.9025,100.8795,3108.96
5/3/2026 3:41,750457,AXM733,3.984,100.8422,11574.78
5/3/2026 3:42,8016b6,VTJSJ,3.626,100.7319,10355.58
5/3/2026 3:42,76d103,TGW682,3.7786,101.8714,11582.4
5/3/2026 3:42,7500c5,PUTRA01,3.9025,100.8795,3108.96
5/3/2026 3:42,750457,AXM733,4.0108,100.8302,11574.78
5/3/2026 3:42,8016b6,VTJSJ,3.626,100.7319,10355.58
5/3/2026 3:42,76d103,TGW682,3.8472,101.835,11582.4
5/3/2026 3:42,7500c5,PUTRA01,3.9025,100.8795,3108.96
5/3/2026 3:42,750457,AXM733,4.0108,100.8302,11574.78
5/3/2026 3:43,8016b6,VTJSJ,3.626,100.7319,10355.58
5/3/2026 3:43,76d103,TGW682,3.8915,101.8115,11582.4
5/3/2026 3:43,7500c5,PUTRA01,3.9025,100.8795,3108.96
5/3/2026 3:43,750457,AXM733,4.0108,100.8302,11574.78
5/3/2026 3:43,8016b6,VTJSJ,3.626,100.7319,10355.58
5/3/2026 3:43,76d103,TGW682,3.9523,101.7792,11582.4
5/3/2026 3:43,750457,AXM733,4.0108,100.8302,11574.78
5/3/2026 3:44,8016b6,VTJSJ,3.626,100.7319,10355.58
5/3/2026 3:44,76d103,TGW682,4.028,101.739,11582.4
5/3/2026 3:44,750457,AXM733,4.0108,100.8302,11574.78
5/3/2026 3:44,8016b6,VTJSJ,3.626,100.7319,10355.58
5/3/2026 3:44,76d103,TGW682,4.0793,101.7118,11582.4
5/3/2026 3:44,750457,AXM733,4.0108,100.8302,11574.78
5/3/2026 3:45,8016b6,VTJSJ,3.626,100.7319,10355.58
5/3/2026 3:45,76d103,TGW682,4.0988,101.7014,11582.4
5/3/2026 3:45,750457,AXM733,4.0108,100.8302,11574.78
5/3/2026 3:45,880450,AIQ312,3.7168,101.4086,7597.14
5/3/2026 3:45,8016b6,VTJSJ,3.626,100.7319,10355.58
5/3/2026 3:45,76d103,TGW682,4.168,101.6646,11582.4
5/3/2026 3:45,750457,AXM733,4.0108,100.8302,11574.78
5/3/2026 3:46,880450,AIQ312,3.7168,101.4086,7597.14
5/3/2026 3:46,8016b6,VTJSJ,3.626,100.7319,10355.58
5/3/2026 3:46,76d103,TGW682,4.2179,101.6381,11582.4
5/3/2026 3:46,750457,AXM733,4.0108,100.8302,11574.78
5/3/2026 3:46,880450,AIQ312,3.7168,101.4086,7597.14
5/3/2026 3:46,8016b6,VTJSJ,3.626,100.7319,10355.58
5/3/2026 3:46,76d103,TGW682,4.2726,101.6091,11582.4
5/3/2026 3:46,750457,AXM733,4.0108,100.8302,11574.78
5/3/2026 3:47,880450,AIQ312,3.7168,101.4086,7597.14
5/3/2026 3:47,76d103,TGW682,4.2726,101.6091,11582.4
5/3/2026 3:47,880450,AIQ312,3.7168,101.4086,7597.14
5/3/2026 3:47,76d103,TGW682,4.4084,101.5369,11582.4
5/3/2026 3:48,880450,AIQ312,3.7168,101.4086,7597.14
5/3/2026 3:48,76d103,TGW682,4.4347,101.5229,11582.4
5/3/2026 3:48,880450,AIQ312,3.7168,101.4086,7597.14
5/3/2026 3:48,76d103,TGW682,4.4347,101.5229,11582.4
5/3/2026 3:48,7502b7,AXM6320,3.5393,101.0765,7322.82
5/3/2026 3:49,880450,AIQ312,3.7168,101.4086,7597.14
5/3/2026 3:49,76d103,TGW682,4.4347,101.5229,11582.4
5/3/2026 3:49,7502b7,AXM6320,3.6146,101.0225,7703.82
5/3/2026 3:49,880450,AIQ312,3.7168,101.4086,7597.14
5/3/2026 3:49,76d103,TGW682,4.4347,101.5229,11582.4
5/3/2026 3:49,7502b7,AXM6320,3.67,100.9849,7947.66
5/3/2026 3:50,880450,AIQ312,3.7168,101.4086,7597.14
5/3/2026 3:50,76d103,TGW682,4.4347,101.5229,11582.4
5/3/2026 3:50,7502b7,AXM6320,3.6768,100.9811,7978.14
5/3/2026 3:50,880450,AIQ312,3.7168,101.4086,7597.14
5/3/2026 3:50,76d103,TGW682,4.4347,101.5229,11582.4
5/3/2026 3:50,7502b7,AXM6320,3.7386,100.9519,8191.5
5/3/2026 3:51,76d103,TGW682,4.4347,101.5229,11582.4
5/3/2026 3:51,7502b7,AXM6320,3.8136,100.9185,8397.24
5/3/2026 3:51,76cee2,SIA326,3.5186,101.7562,9144
5/3/2026 3:51,76d103,TGW682,4.4347,101.5229,11582.4
5/3/2026 3:51,7502b7,AXM6320,3.8136,100.9185,8397.24
5/3/2026 3:51,76cee2,SIA326,3.5562,101.7171,9144
5/3/2026 3:52,76d103,TGW682,4.4347,101.5229,11582.4
5/3/2026 3:52,7502b7,AXM6320,3.8136,100.9185,8397.24
5/3/2026 3:52,76cee2,SIA326,3.6148,101.6563,9144
5/3/2026 3:52,76d103,TGW682,4.4347,101.5229,11582.4
5/3/2026 3:52,7502b7,AXM6320,3.8136,100.9185,8397.24
5/3/2026 3:52,76cee2,SIA326,3.6483,101.6216,9144
5/3/2026 3:53,7502b7,AXM6320,3.8136,100.9185,8397.24
5/3/2026 3:53,76cee2,SIA326,3.7102,101.5574,9144
5/3/2026 3:54,7502b7,AXM6320,3.8136,100.9185,8397.24
5/3/2026 3:54,76cee2,SIA326,3.7623,101.5034,9144
5/3/2026 3:54,7502b7,AXM6320,3.8136,100.9185,8397.24
5/3/2026 3:54,76cee2,SIA326,3.7623,101.5034,9144
5/3/2026 3:55,7502b7,AXM6320,3.8136,100.9185,8397.24
5/3/2026 3:55,76cee2,SIA326,3.7623,101.5034,9144
5/3/2026 3:55,7502b7,AXM6320,3.8136,100.9185,8397.24
5/3/2026 3:55,76cee2,SIA326,3.7623,101.5034,9144
5/3/2026 3:56,7502b7,AXM6320,3.8136,100.9185,8397.24
5/3/2026 3:56,76cee2,SIA326,3.7623,101.5034,9144
5/3/2026 3:56,7502b7,AXM6320,3.8136,100.9185,8397.24
5/3/2026 3:56,76cee2,SIA326,3.7623,101.5034,9144
5/3/2026 3:57,76cee2,SIA326,3.7623,101.5034,9144
5/3/2026 3:57,76cee2,SIA326,3.7623,101.5034,9144
5/3/2026 3:58,76cee2,SIA326,3.7623,101.5034,9144
5/3/2026 3:58,76cee2,SIA326,3.7623,101.5034,9144
5/3/2026 3:59,76cee2,SIA326,3.7623,101.5034,9144
5/3/2026 3:59,76cee2,SIA326,3.7623,101.5034,9144
5/3/2026 4:00,801805,IGO1022,3.5262,100.8714,10744.2
5/3/2026 4:01,801805,IGO1022,3.5611,100.8218,10881.36
5/3/2026 4:01,801805,IGO1022,3.5964,100.7642,10957.56
5/3/2026 4:02,801805,IGO1022,3.6279,100.7073,10972.8
5/3/2026 4:02,801805,IGO1022,3.6628,100.6503,10972.8
5/3/2026 4:02,7503c8,N/A,3.7645,101.8532,7924.8
5/3/2026 4:03,801805,IGO1022,3.6983,100.5889,10972.8
5/3/2026 4:03,7503c8,AXM521,3.6801,101.7996,7498.08
5/3/2026 4:03,801805,IGO1022,3.7268,100.5397,10972.8
5/3/2026 4:03,7503c8,AXM521,3.6386,101.7732,7353.3
5/3/2026 4:04,801805,IGO1022,3.7629,100.4776,10972.8
5/3/2026 4:04,7503c8,AXM521,3.5877,101.7409,7193.28
5/3/2026 4:04,801805,IGO1022,3.792,100.4276,10980.42
5/3/2026 4:04,7503c8,AXM521,3.5442,101.7134,7048.5
5/3/2026 4:05,801805,IGO1022,3.827,100.3759,10972.8
5/3/2026 4:05,7503c8,AXM521,3.5009,101.6859,6903.72
5/3/2026 4:05,801805,IGO1022,3.8656,100.3218,10965.18
5/3/2026 4:06,801805,IGO1022,3.8656,100.3218,10965.18
5/3/2026 4:06,75010a,N/A,3.5449,101.3468,9448.8
5/3/2026 4:06,801805,IGO1022,3.8656,100.3218,10965.18
5/3/2026 4:07,801805,IGO1022,3.8656,100.3218,10965.18
5/3/2026 4:07,781737,CSN349,3.5772,101.8647,6979.92
5/3/2026 4:07,801805,IGO1022,3.8656,100.3218,10965.18
5/3/2026 4:07,781737,CSN349,3.5157,101.8447,6697.98
5/3/2026 4:08,801805,IGO1022,3.8656,100.3218,10965.18
5/3/2026 4:08,801805,IGO1022,3.8656,100.3218,10965.18
5/3/2026 4:09,801805,IGO1022,3.8656,100.3218,10965.18
5/3/2026 4:09,7502bc,AXM832,3.5806,101.4355,6614.16
5/3/2026 4:09,801805,IGO1022,3.8656,100.3218,10965.18
5/3/2026 4:09,7502bc,AXM832,3.6453,101.4314,6873.24
5/3/2026 4:10,801805,IGO1022,3.8656,100.3218,10965.18
5/3/2026 4:10,7502bc,AXM832,3.6602,101.4305,6949.44
5/3/2026 4:10,801805,IGO1022,3.8656,100.3218,10965.18
5/3/2026 4:10,7502bc,AXM832,3.6602,101.4305,6949.44
5/3/2026 4:11,7502bc,AXM832,3.6602,101.4305,6949.44
5/3/2026 4:12,75029c,AXM1720,3.5165,101.2284,9753.6
5/3/2026 4:12,7502bc,AXM832,3.6602,101.4305,6949.44
5/3/2026 4:12,75029c,AXM1720,3.5471,101.1796,9753.6
5/3/2026 4:12,7502bc,AXM832,3.6602,101.4305,6949.44
5/3/2026 4:13,75029c,AXM1720,3.5852,101.1191,9753.6
5/3/2026 4:13,7502bc,AXM832,3.6602,101.4305,6949.44
5/3/2026 4:13,75029c,AXM1720,3.6183,101.0672,9753.6
5/3/2026 4:13,7502bc,AXM832,3.6602,101.4305,6949.44
5/3/2026 4:14,75029c,AXM1720,3.6474,101.0299,9685.02
5/3/2026 4:14,7502bc,AXM832,3.6602,101.4305,6949.44
5/3/2026 4:14,75029c,AXM1720,3.7128,100.9714,9494.52
5/3/2026 4:14,7502bc,AXM832,3.6602,101.4305,6949.44
5/3/2026 4:15,75029c,AXM1720,3.759,100.9429,9364.98
5/3/2026 4:15,7502bc,AXM832,3.6602,101.4305,6949.44
5/3/2026 4:15,75029c,AXM1720,3.8251,100.9045,9189.72
5/3/2026 4:16,75029c,AXM1720,3.8904,100.8665,9014.46
5/3/2026 4:16,75029c,AXM1720,3.9511,100.8312,8679.18
5/3/2026 4:17,75002a,AXM6084,3.5263,101.3063,7086.6
5/3/2026 4:17,75029c,AXM1720,4.0014,100.8019,8321.04
5/3/2026 4:17,75002a,AXM6084,3.5263,101.3063,7086.6
5/3/2026 4:17,75029c,AXM1720,4.0476,100.7751,7970.52
5/3/2026 4:17,704010,MMA502,3.5473,101.4927,5966.46
5/3/2026 4:18,75002a,AXM6084,3.5263,101.3063,7086.6
5/3/2026 4:18,75029c,AXM1720,4.0851,100.7532,7680.96
5/3/2026 4:18,704010,MMA502,3.5829,101.4837,6172.2
5/3/2026 4:18,75002a,AXM6084,3.5263,101.3063,7086.6
5/3/2026 4:18,75029c,AXM1720,4.0851,100.7532,7680.96
5/3/2026 4:18,704010,MMA502,3.606,101.4779,6286.5
5/3/2026 4:19,75002a,AXM6084,3.5263,101.3063,7086.6
5/3/2026 4:19,75029c,AXM1720,4.0851,100.7532,7680.96
5/3/2026 4:19,704010,MMA502,3.606,101.4779,6286.5
5/3/2026 4:19,75002a,AXM6084,3.5263,101.3063,7086.6
5/3/2026 4:19,75029c,AXM1720,4.0851,100.7532,7680.96
5/3/2026 4:19,704010,MMA502,3.606,101.4779,6286.5
5/3/2026 4:20,75002a,AXM6084,3.5263,101.3063,7086.6
5/3/2026 4:20,75029c,AXM1720,4.0851,100.7532,7680.96
5/3/2026 4:20,704010,MMA502,3.606,101.4779,6286.5
5/3/2026 4:20,75002a,AXM6084,3.5263,101.3063,7086.6
5/3/2026 4:20,75029c,AXM1720,4.0851,100.7532,7680.96
5/3/2026 4:20,7504f4,N/A,3.5817,101.8281,7078.98
5/3/2026 4:20,7504c3,AXM6304,3.5525,101.0667,7452.36
5/3/2026 4:20,704010,MMA502,3.606,101.4779,6286.5
5/3/2026 4:21,75002a,AXM6084,3.5263,101.3063,7086.6
5/3/2026 4:21,75029c,AXM1720,4.0851,100.7532,7680.96
5/3/2026 4:21,7504f4,AXM855,3.5564,101.8091,6995.16
5/3/2026 4:21,7504c3,AXM6304,3.5758,101.05,7574.28
5/3/2026 4:21,704010,MMA502,3.606,101.4779,6286.5
5/3/2026 4:21,75002a,AXM6084,3.5263,101.3063,7086.6
5/3/2026 4:21,88814f,VJC825,3.8601,101.9944,8976.36
5/3/2026 4:21,75029c,AXM1720,4.0851,100.7532,7680.96
5/3/2026 4:21,7504f4,AXM855,3.5008,101.7674,6812.28
5/3/2026 4:21,7504c3,AXM6304,3.6387,101.0049,7879.08
5/3/2026 4:21,704010,MMA502,3.606,101.4779,6286.5
5/3/2026 4:22,70c122,OMA849,3.8539,100.141,11269.98
5/3/2026 4:22,75002a,AXM6084,3.5263,101.3063,7086.6
5/3/2026 4:22,88814f,VJC825,3.8601,101.9944,8976.36
5/3/2026 4:22,75029c,AXM1720,4.0851,100.7532,7680.96
5/3/2026 4:22,7503db,MXD540,3.5483,101.4938,6149.34
5/3/2026 4:22,750518,AXM6437,3.6117,101.8504,7322.82
5/3/2026 4:22,7504c3,AXM6304,3.685,100.9735,8100.06
5/3/2026 4:22,704010,MMA502,3.606,101.4779,6286.5
5/3/2026 4:22,76b44b,SIA725,3.5829,101.3226,10668
5/3/2026 4:22,70c122,OMA849,3.8089,100.1869,11277.6
5/3/2026 4:22,88814f,VJC825,3.8601,101.9944,8976.36
5/3/2026 4:22,75029c,AXM1720,4.0851,100.7532,7680.96
5/3/2026 4:22,7503db,MXD540,3.5483,101.4938,6149.34
5/3/2026 4:22,750518,AXM6437,3.5636,101.8144,6995.16
5/3/2026 4:22,7504c3,AXM6304,3.7398,100.9414,8313.42
5/3/2026 4:22,704010,MMA502,3.606,101.4779,6286.5
5/3/2026 4:22,76b44b,SIA725,3.5232,101.3546,10668
5/3/2026 4:23,70c122,OMA849,3.7637,100.233,11269.98
5/3/2026 4:23,88814f,VJC825,3.6424,101.8868,7879.08
5/3/2026 4:23,7503db,MXD540,3.5483,101.4938,6149.34
5/3/2026 4:23,750518,AXM6437,3.509,101.7735,6614.16
5/3/2026 4:23,7504c3,AXM6304,3.8058,100.9026,8526.78
5/3/2026 4:23,704010,MMA502,3.606,101.4779,6286.5
5/3/2026 4:23,80155f,AIC2146,3.5163,101.9084,9761.22
5/3/2026 4:23,70c122,OMA849,3.7095,100.2883,11269.98
5/3/2026 4:23,88814f,VJC825,3.5797,101.8658,7536.18
5/3/2026 4:23,7503db,MXD540,3.5483,101.4938,6149.34
5/3/2026 4:23,7504c3,AXM6304,3.8616,100.8697,8663.94
5/3/2026 4:23,80155f,AIC2146,3.5715,101.866,9761.22
5/3/2026 4:24,70c122,OMA849,3.7095,100.2883,11269.98
5/3/2026 4:24,75002c,AXM1723,3.5327,101.4081,9639.3
5/3/2026 4:24,88814f,VJC825,3.5399,101.8577,7299.96
5/3/2026 4:24,7503db,MXD540,3.5483,101.4938,6149.34
5/3/2026 4:24,7504c3,AXM6304,3.8984,100.8481,8747.76
5/3/2026 4:24,80155f,AIC2146,3.6105,101.8359,9761.22
5/3/2026 4:24,70c122,OMA849,3.6391,100.3601,11277.6
5/3/2026 4:24,7503db,MXD540,3.5483,101.4938,6149.34
5/3/2026 4:24,7504c3,AXM6304,3.9662,100.8083,8892.54
5/3/2026 4:24,80155f,AIC2146,3.6745,101.7867,9753.6
5/3/2026 4:25,70c122,OMA849,3.6391,100.3601,11277.6
5/3/2026 4:25,7503db,MXD540,3.5483,101.4938,6149.34
5/3/2026 4:25,7504c3,AXM6304,4.0133,100.7807,9022.08
5/3/2026 4:25,80155f,AIC2146,3.7202,101.7515,9753.6
5/3/2026 4:25,70c122,OMA849,3.5162,100.4853,11277.6
5/3/2026 4:25,7503db,MXD540,3.5483,101.4938,6149.34
5/3/2026 4:25,7504c3,AXM6304,4.0708,100.7469,9144
5/3/2026 4:25,80155f,AIC2146,3.7735,101.7104,9761.22
5/3/2026 4:26,7503db,MXD540,3.5483,101.4938,6149.34
5/3/2026 4:26,7504c3,AXM6304,4.1204,100.7178,9144
5/3/2026 4:26,80155f,AIC2146,3.8381,101.6607,9753.6
5/3/2026 4:26,7503db,MXD540,3.5483,101.4938,6149.34
5/3/2026 4:26,7504c3,AXM6304,4.1204,100.7178,9144
5/3/2026 4:26,80155f,AIC2146,3.8919,101.6193,9753.6
5/3/2026 4:27,7503db,MXD540,3.5483,101.4938,6149.34
5/3/2026 4:27,7504c3,AXM6304,4.1204,100.7178,9144
5/3/2026 4:27,80155f,AIC2146,3.9339,101.587,9761.22
5/3/2026 4:27,7504c3,AXM6304,4.1204,100.7178,9144
5/3/2026 4:27,80155f,AIC2146,3.9871,101.5462,9753.6
5/3/2026 4:28,7504c3,AXM6304,4.1204,100.7178,9144
5/3/2026 4:28,80155f,AIC2146,4.0479,101.4993,9745.98
5/3/2026 4:28,7504c3,AXM6304,4.1204,100.7178,9144
5/3/2026 4:28,80155f,AIC2146,4.0909,101.4662,9745.98
5/3/2026 4:29,7504c3,AXM6304,4.1204,100.7178,9144
5/3/2026 4:29,80155f,AIC2146,4.1371,101.4307,9745.98
5/3/2026 4:30,7504c3,AXM6304,4.1204,100.7178,9144
5/3/2026 4:30,80155f,AIC2146,4.1371,101.4307,9745.98
5/3/2026 4:30,7504c3,AXM6304,4.1204,100.7178,9144
5/3/2026 4:30,80155f,AIC2146,4.1371,101.4307,9745.98
5/3/2026 4:31,7504c3,AXM6304,4.1204,100.7178,9144
5/3/2026 4:31,80155f,AIC2146,4.1371,101.4307,9745.98
5/3/2026 4:31,7504c3,AXM6304,4.1204,100.7178,9144
5/3/2026 4:31,80155f,AIC2146,4.1371,101.4307,9745.98
5/3/2026 4:32,7504a1,AXM544,3.6321,101.866,6560.82
5/3/2026 4:32,80155f,AIC2146,4.1371,101.4307,9745.98
5/3/2026 4:32,750220,MAS788,3.5208,101.5756,5692.14
5/3/2026 4:32,7504a1,AXM544,3.5635,101.8146,6316.98
5/3/2026 4:32,80155f,AIC2146,4.1371,101.4307,9745.98
5/3/2026 4:33,750220,MAS788,3.5208,101.5756,5692.14
5/3/2026 4:33,7504a1,AXM544,3.5492,101.8039,6263.64
5/3/2026 4:33,80155f,AIC2146,4.1371,101.4307,9745.98
5/3/2026 4:33,750220,MAS788,3.5208,101.5756,5692.14
5/3/2026 4:33,80155f,AIC2146,4.1371,101.4307,9745.98
5/3/2026 4:34,750220,MAS788,3.5208,101.5756,5692.14
5/3/2026 4:34,80155f,AIC2146,4.1371,101.4307,9745.98
5/3/2026 4:34,750220,MAS788,3.5208,101.5756,5692.14
5/3/2026 4:35,750220,MAS788,3.5208,101.5756,5692.14
5/3/2026 4:35,76b44a,SIA133,3.61,101.3873,10180.32
5/3/2026 4:35,750220,MAS788,3.5208,101.5756,5692.14
5/3/2026 4:35,76b44a,SIA133,3.552,101.4284,10416.54
5/3/2026 4:36,750220,MAS788,3.5208,101.5756,5692.14
5/3/2026 4:36,750517,AXM6118,3.5121,101.0958,6271.26
5/3/2026 4:36,76b44a,SIA133,3.5118,101.4568,10568.94
5/3/2026 4:36,750220,MAS788,3.5208,101.5756,5692.14
5/3/2026 4:36,750517,AXM6118,3.58,101.0472,6477
5/3/2026 4:37,750220,MAS788,3.5208,101.5756,5692.14
5/3/2026 4:37,750517,AXM6118,3.6108,101.0251,6576.06
5/3/2026 16:19,76b863,TGW566,3.7128,99.433,9761.22
5/3/2026 16:20,76b863,TGW566,3.7128,99.433,9761.22
5/3/2026 16:20,76b863,TGW566,3.7128,99.433,9761.22
5/3/2026 16:21,76b863,TGW566,3.7128,99.433,9761.22
5/3/2026 16:24,781740,CSN8071,3.5099,101.9379,6568.44
5/3/2026 16:26,76cd6d,SIA322,3.5305,101.3458,9144
5/3/2026 16:27,76cd6d,SIA322,3.5305,101.3458,9144
5/3/2026 16:27,76cd6d,SIA322,3.6496,101.2318,9144
5/3/2026 16:28,76cd6d,SIA322,3.6496,101.2318,9144
5/3/2026 16:28,76cd6d,SIA322,3.6496,101.2318,9144
5/3/2026 16:29,76cd6d,SIA322,3.6496,101.2318,9144
5/3/2026 16:29,76cd6d,SIA322,3.6496,101.2318,9144
5/3/2026 16:30,76cd6d,SIA322,3.6496,101.2318,9144
5/3/2026 16:30,76cd6d,SIA322,3.6496,101.2318,9144
5/3/2026 16:31,76cd6d,SIA322,3.6496,101.2318,9144
5/3/2026 16:31,76cd6d,SIA322,3.6496,101.2318,9144
5/3/2026 16:32,702034,N/A,3.6271,101.5575,6263.64
5/3/2026 16:32,76cd6d,SIA322,3.6496,101.2318,9144
5/3/2026 16:32,702034,N/A,3.6219,101.5606,6248.4
5/3/2026 16:33,702034,N/A,3.5359,101.6236,6019.8
5/3/2026 16:33,702034,BBC386,3.5183,101.6368,5996.94
5/3/2026 16:37,71bf20,KAL428,3.5123,101.9172,5486.4
5/3/2026 16:37,71bf20,KAL428,3.5123,101.9172,5486.4
5/3/2026 16:38,71bf20,KAL428,3.5123,101.9172,5486.4
5/3/2026 16:38,71bf20,KAL428,3.5123,101.9172,5486.4
5/3/2026 16:39,71bf20,KAL428,3.5123,101.9172,5486.4
5/3/2026 16:39,71bf20,KAL428,3.5123,101.9172,5486.4
5/3/2026 16:40,71bf20,KAL428,3.5123,101.9172,5486.4
5/3/2026 16:40,71bf20,KAL428,3.5123,101.9172,5486.4
5/3/2026 16:41,71bf20,KAL428,3.5123,101.9172,5486.4
5/3/2026 16:41,71bf20,KAL428,3.5123,101.9172,5486.4
5/3/2026 16:43,7c4926,QFA1,3.5142,101.4354,9121.14
5/3/2026 16:44,7c4926,QFA1,3.5454,101.4049,9151.62
5/3/2026 16:44,7c4926,QFA1,3.5847,101.3664,9144
5/3/2026 16:45,7c4926,QFA1,3.5847,101.3664,9144
5/3/2026 16:45,7c4926,QFA1,3.5847,101.3664,9144
5/3/2026 16:46,7c4926,QFA1,3.5847,101.3664,9144
5/3/2026 16:46,7c4926,QFA1,3.5847,101.3664,9144
5/3/2026 16:47,7c4926,QFA1,3.5847,101.3664,9144
5/3/2026 16:47,7c4926,QFA1,3.5847,101.3664,9144
5/3/2026 16:48,7c4926,QFA1,3.5847,101.3664,9144
5/3/2026 16:48,780919,CSN8025,3.6285,101.9916,7680.96
5/3/2026 16:48,7c4926,QFA1,3.5847,101.3664,9144
5/3/2026 16:48,8a07a7,MYU220,3.7623,101.4653,9448.8
5/3/2026 16:48,780919,CSN8025,3.5735,101.9735,7536.18
5/3/2026 16:49,7c4926,QFA1,3.5847,101.3664,9144
5/3/2026 16:49,8a07a7,MYU220,3.7116,101.5011,9448.8
5/3/2026 16:49,780919,CSN8025,3.5143,101.9539,7299.96
5/3/2026 16:49,8a07a7,MYU220,3.6633,101.5355,9448.8
5/3/2026 16:50,3c4ad7,DLH781,3.5002,101.5715,9159.24
5/3/2026 16:50,8a07a7,MYU220,3.6007,101.5798,9448.8
5/3/2026 16:50,750479,XAX550,3.5276,101.9295,5364.48
5/3/2026 16:50,3c4ad7,DLH781,3.5584,101.5457,9159.24
5/3/2026 16:50,8a07a7,MYU220,3.5577,101.6101,9448.8
5/3/2026 16:50,750479,XAX550,3.5276,101.9295,5364.48
5/3/2026 16:51,3c4ad7,DLH781,3.6265,101.5154,9159.24
5/3/2026 16:51,750479,XAX550,3.5276,101.9295,5364.48
5/3/2026 16:51,3c4ad7,DLH781,3.685,101.4894,9159.24
5/3/2026 16:51,750479,XAX550,3.5276,101.9295,5364.48
5/3/2026 16:52,3c4ad7,DLH781,3.7596,101.4562,9159.24
5/3/2026 16:52,750479,XAX550,3.5276,101.9295,5364.48
5/3/2026 16:52,3c4ad7,DLH781,3.8072,101.4351,9159.24
5/3/2026 16:52,750479,XAX550,3.5276,101.9295,5364.48
5/3/2026 16:53,3c4ad7,DLH781,3.8072,101.4351,9159.24
5/3/2026 16:53,750479,XAX550,3.5276,101.9295,5364.48
5/3/2026 16:53,3c4ad7,DLH781,3.8072,101.4351,9159.24
5/3/2026 16:53,750479,XAX550,3.5276,101.9295,5364.48
5/3/2026 16:54,3c4ad7,DLH781,3.8072,101.4351,9159.24
5/3/2026 16:55,3c4ad7,DLH781,3.8072,101.4351,9159.24
5/3/2026 16:55,3c4ad7,DLH781,3.8072,101.4351,9159.24
5/3/2026 16:56,3c4ad7,DLH781,3.8072,101.4351,9159.24
5/3/2026 16:56,3c4ad7,DLH781,3.8072,101.4351,9159.24
5/3/2026 16:57,3c4ad7,DLH781,3.8072,101.4351,9159.24
5/3/2026 16:57,3c4ad7,DLH781,3.8072,101.4351,9159.24
5/3/2026 16:57,76cdba,SIA324,3.5173,101.4713,9174.48
5/3/2026 16:58,3c4ad7,DLH781,3.8072,101.4351,9159.24
5/3/2026 16:58,76cdba,SIA324,3.5517,101.4372,9212.58
5/3/2026 16:58,76cdba,SIA324,3.5632,101.4259,9220.2
5/3/2026 16:59,76cdba,SIA324,3.6398,101.3499,9281.16
5/3/2026 16:59,76cdba,SIA324,3.7238,101.2665,9425.94
5/3/2026 17:00,76cdba,SIA324,3.7302,101.2601,9441.18
5/3/2026 17:00,76cdba,SIA324,3.7723,101.2185,9502.14
5/3/2026 17:01,76cdba,SIA324,3.7723,101.2185,9502.14
5/3/2026 17:01,76cdba,SIA324,3.7723,101.2185,9502.14
5/3/2026 17:02,76cdba,SIA324,3.7723,101.2185,9502.14
5/3/2026 17:02,76cdba,SIA324,3.7723,101.2185,9502.14
5/3/2026 17:03,76cdba,SIA324,3.7723,101.2185,9502.14
5/3/2026 17:03,76cdba,SIA324,3.7723,101.2185,9502.14
5/3/2026 17:04,76cdba,SIA324,3.7723,101.2185,9502.14
5/3/2026 17:04,76cdba,SIA324,3.7723,101.2185,9502.14
5/3/2026 17:05,76cdba,SIA324,3.7723,101.2185,9502.14
5/3/2026 17:06,76cda4,SIA312,3.5212,101.5625,9441.18
5/3/2026 17:06,76cda4,SIA312,3.6154,101.5203,9502.14
5/3/2026 17:07,76cda4,SIA312,3.6965,101.4842,9608.82
5/3/2026 17:07,76cda4,SIA312,3.7485,101.4611,9685.02
5/3/2026 17:08,76cda4,SIA312,3.8077,101.4348,9761.22
5/3/2026 17:08,76cda4,SIA312,3.8758,101.4044,9814.56
5/3/2026 17:09,76cda4,SIA312,3.9531,101.3701,9944.1
5/3/2026 17:09,76cda4,SIA312,3.9531,101.3701,9944.1
5/3/2026 17:10,76cda4,SIA312,3.9531,101.3701,9944.1
5/3/2026 17:10,76cda4,SIA312,3.9531,101.3701,9944.1
5/3/2026 17:11,76cda4,SIA312,3.9531,101.3701,9944.1
5/3/2026 17:11,4b1919,SWR177,3.532,101.5574,9144
5/3/2026 17:12,76cda4,SIA312,3.9531,101.3701,9944.1
5/3/2026 17:12,4b1919,SWR177,3.5461,101.5512,9144
5/3/2026 17:12,76cda4,SIA312,3.9531,101.3701,9944.1
5/3/2026 17:12,4b1919,SWR177,3.6682,101.4969,9144
5/3/2026 17:13,7.80E+49,CXA857,3.6107,101.8761,6705.6
5/3/2026 17:13,76cda4,SIA312,3.9531,101.3701,9944.1
5/3/2026 17:13,4b1919,SWR177,3.7378,101.4659,9144
5/3/2026 17:13,7.80E+49,CXA857,3.5373,101.8508,6614.16
5/3/2026 17:13,76cda4,SIA312,3.9531,101.3701,9944.1
5/3/2026 17:13,4b1919,SWR177,3.7725,101.4505,9144
5/3/2026 17:14,76cda4,SIA312,3.9531,101.3701,9944.1
5/3/2026 17:14,4b1919,SWR177,3.7725,101.4505,9144
5/3/2026 17:14,76cda4,SIA312,3.9531,101.3701,9944.1
5/3/2026 17:14,4b1919,SWR177,3.7725,101.4505,9144
5/3/2026 17:15,7c6bc1,N/A,3.8542,101.1884,11277.6
5/3/2026 17:15,4b1919,SWR177,3.7725,101.4505,9144
5/3/2026 17:15,7c6bc1,JST30,3.7482,101.2404,11277.6
5/3/2026 17:15,4b1919,SWR177,3.7725,101.4505,9144
5/3/2026 17:16,7c6bc1,JST30,3.7272,101.2513,11269.98
5/3/2026 17:16,4b1919,SWR177,3.7725,101.4505,9144
5/3/2026 17:16,7c6bc1,JST30,3.6444,101.2946,11277.6
5/3/2026 17:16,781569,JYH1271,3.716,101.9188,7086.6
5/3/2026 17:16,4b1919,SWR177,3.7725,101.4505,9144
5/3/2026 17:17,7c6bc1,JST30,3.604,101.3158,11269.98
5/3/2026 17:17,781569,JYH1271,3.716,101.9188,7086.6
5/3/2026 17:17,4b1919,SWR177,3.7725,101.4505,9144
5/3/2026 17:17,7c6bc1,JST30,3.5175,101.3608,11269.98
5/3/2026 17:17,781569,JYH1271,3.5947,101.8704,6667.5
5/3/2026 17:17,4b1919,SWR177,3.7725,101.4505,9144
5/3/2026 17:18,781569,JYH1271,3.5726,101.8629,6598.92
5/3/2026 17:18,4b1919,SWR177,3.7725,101.4505,9144
5/3/2026 17:21,76cda1,SIA352,3.5835,101.5861,9898.38
5/3/2026 17:22,76cda1,SIA352,3.6151,101.5658,9928.86
5/3/2026 17:22,76cda1,SIA352,3.7133,101.4983,10043.16
5/3/2026 17:23,76cda1,SIA352,3.7334,101.4833,10058.4
5/3/2026 17:23,76cda1,SIA352,3.7793,101.449,10088.88
5/3/2026 17:24,76cda1,SIA352,3.8657,101.3844,10142.22
5/3/2026 17:24,75049f,AXM123,3.5985,101.8722,5852.16
5/3/2026 17:24,76cda1,SIA352,3.8744,101.3779,10149.84
5/3/2026 17:24,75049f,AXM123,3.5387,101.852,5669.28
5/3/2026 17:25,76cda1,SIA352,3.8744,101.3779,10149.84
5/3/2026 17:25,40621d,BAW12,3.5465,101.0395,9144
5/3/2026 17:25,76cda1,SIA352,3.8744,101.3779,10149.84
5/3/2026 17:25,40621d,BAW12,3.6157,101.0248,9144
5/3/2026 17:26,76cda1,SIA352,3.8744,101.3779,10149.84
5/3/2026 17:26,40621d,BAW12,3.6734,101.0262,9144
5/3/2026 17:27,76cda1,SIA352,3.8744,101.3779,10149.84
5/3/2026 17:27,40621d,BAW12,3.7403,101.031,9144
5/3/2026 17:27,76cda1,SIA352,3.8744,101.3779,10149.84
5/3/2026 17:27,40621d,BAW12,3.7752,101.0337,9144
5/3/2026 17:28,76cda1,SIA352,3.8744,101.3779,10149.84
5/3/2026 17:28,40621d,BAW12,3.7752,101.0337,9144
5/3/2026 17:28,782000,CSN5049,3.6822,101.9894,7139.94
5/3/2026 17:28,76cda1,SIA352,3.8744,101.3779,10149.84
5/3/2026 17:28,40621d,BAW12,3.7752,101.0337,9144
5/3/2026 17:29,782000,CSN5049,3.6822,101.9894,7139.94
5/3/2026 17:29,76cda1,SIA352,3.8744,101.3779,10149.84
5/3/2026 17:29,40621d,BAW12,3.7752,101.0337,9144
5/3/2026 17:29,782000,CSN5049,3.5935,101.8707,6728.46
5/3/2026 17:29,76cdab,SIA328,3.5778,101.5385,10027.92
5/3/2026 17:29,40621d,BAW12,3.7752,101.0337,9144
5/3/2026 17:30,782000,CSN5049,3.5534,101.8571,6621.78
5/3/2026 17:30,76cdab,SIA328,3.6192,101.5119,10073.64
5/3/2026 17:30,40621d,BAW12,3.7752,101.0337,9144
5/3/2026 17:30,76cdab,SIA328,3.6788,101.4736,10142.22
5/3/2026 17:30,40621d,BAW12,3.7752,101.0337,9144
5/3/2026 17:31,76cdab,SIA328,3.7258,101.4433,10203.18
5/3/2026 17:31,40621d,BAW12,3.7752,101.0337,9144
5/3/2026 17:31,76cdab,SIA328,3.8234,101.3805,10271.76
5/3/2026 17:31,40621d,BAW12,3.7752,101.0337,9144
5/3/2026 17:32,76cdab,SIA328,3.8445,101.367,10287
5/3/2026 17:32,40621d,BAW12,3.7752,101.0337,9144
5/3/2026 17:32,76cdab,SIA328,3.9196,101.3187,10363.2
5/3/2026 17:33,76cdab,SIA328,3.9196,101.3187,10363.2
5/3/2026 17:33,76cdab,SIA328,3.9196,101.3187,10363.2
5/3/2026 17:34,76cdab,SIA328,3.9196,101.3187,10363.2
5/3/2026 17:34,76cdab,SIA328,3.9196,101.3187,10363.2
5/3/2026 17:35,76cdab,SIA328,3.9196,101.3187,10363.2
5/3/2026 17:35,76cdab,SIA328,3.9196,101.3187,10363.2
5/3/2026 17:36,76cdab,SIA328,3.9196,101.3187,10363.2
5/3/2026 17:36,8a0579,GIA088,3.5552,101.0356,9144
5/3/2026 17:36,76cdab,SIA328,3.9196,101.3187,10363.2
5/3/2026 17:37,8a0579,GIA088,3.5552,101.0356,9144
5/3/2026 17:37,76cdab,SIA328,3.9196,101.3187,10363.2
5/3/2026 17:37,8a0579,GIA088,3.7379,100.9512,9144
5/3/2026 17:37,800739,AIC309,3.546,100.3894,12184.38
5/3/2026 17:38,8a0579,GIA088,3.7379,100.9512,9144
5/3/2026 17:38,800739,AIC309,3.5886,100.3511,12192
5/3/2026 17:38,8a0579,GIA088,3.885,100.886,9144
5/3/2026 17:38,800739,AIC309,3.5886,100.3511,12192
5/3/2026 17:39,8a0579,GIA088,3.9645,100.8508,9144
5/3/2026 17:39,800739,AIC309,3.5886,100.3511,12192
5/3/2026 17:39,8a0579,GIA088,3.9819,100.843,9144
5/3/2026 17:39,800739,AIC309,3.7402,100.2145,12192
5/3/2026 17:40,8a0579,GIA088,3.9819,100.843,9144
5/3/2026 17:40,800739,AIC309,3.7791,100.1794,12184.38
5/3/2026 17:40,8a0579,GIA088,3.9819,100.843,9144
5/3/2026 17:40,800739,AIC309,3.851,100.1146,12192
5/3/2026 17:41,8a0579,GIA088,3.9819,100.843,9144
5/3/2026 17:41,800739,AIC309,3.9044,100.0665,12192
5/3/2026 17:41,8a0579,GIA088,3.9819,100.843,9144
5/3/2026 17:41,800739,AIC309,3.9112,100.0604,12184.38
5/3/2026 17:42,8a0579,GIA088,3.9819,100.843,9144
5/3/2026 17:42,800739,AIC309,3.9112,100.0604,12184.38
5/3/2026 17:43,8a0579,GIA088,3.9819,100.843,9144
5/3/2026 17:43,800739,AIC309,3.9112,100.0604,12184.38
5/3/2026 17:43,8a0579,GIA088,3.9819,100.843,9144
5/3/2026 17:43,800739,AIC309,3.9112,100.0604,12184.38
5/3/2026 17:44,8a0579,GIA088,3.9819,100.843,9144
5/3/2026 17:44,800739,AIC309,3.9112,100.0604,12184.38
5/3/2026 17:44,8a0579,GIA088,3.9819,100.843,9144
5/3/2026 17:44,800739,AIC309,3.9112,100.0604,12184.38
5/3/2026 17:45,800739,AIC309,3.9112,100.0604,12184.38
5/3/2026 17:45,800739,AIC309,3.9112,100.0604,12184.38
5/3/2026 17:46,800739,AIC309,3.9112,100.0604,12184.38
5/3/2026 17:46,800739,AIC309,3.9112,100.0604,12184.38
5/3/2026 17:53,896181,UAE7Q,3.5444,100.8397,5715
5/3/2026 17:54,896181,UAE7Q,3.5771,100.7974,5844.54
5/3/2026 17:54,896181,UAE7Q,3.5771,100.7974,5844.54
5/3/2026 17:55,896181,UAE7Q,3.5771,100.7974,5844.54
5/3/2026 17:55,896181,UAE7Q,3.5771,100.7974,5844.54
5/3/2026 17:56,896181,UAE7Q,3.5771,100.7974,5844.54
5/3/2026 17:56,896181,UAE7Q,3.5771,100.7974,5844.54
5/3/2026 17:57,896181,UAE7Q,3.5771,100.7974,5844.54
5/3/2026 17:57,896181,UAE7Q,3.5771,100.7974,5844.54
5/3/2026 17:58,896181,UAE7Q,3.5771,100.7974,5844.54
5/3/2026 17:58,896181,UAE7Q,3.5771,100.7974,5844.54
5/3/2026 17:59,896181,UAE7Q,3.5771,100.7974,5844.54
5/3/2026 18:01,7c1479,N/A,3.8225,101.3247,10668
5/3/2026 18:01,7c1479,QFA70,3.7374,101.383,10668
5/3/2026 18:02,7c1479,QFA70,3.6862,101.4178,10668
5/3/2026 18:02,7c1479,QFA70,3.6265,101.4586,10668
5/3/2026 18:03,7c1479,QFA70,3.5783,101.4914,10668
5/3/2026 18:03,7c1479,QFA70,3.524,101.5285,10668
5/3/2026 18:05,80152f,IGO1001,3.7755,99.6058,11277.6
5/3/2026 18:05,80152f,IGO1001,3.7208,99.7059,11269.98
5/3/2026 18:06,80152f,IGO1001,3.6972,99.749,11269.98
5/3/2026 18:06,80152f,IGO1001,3.6684,99.8015,11269.98
5/3/2026 18:07,ab92ed,N/A,3.897,101.2275,11277.6
5/3/2026 18:07,80152f,IGO1001,3.6443,99.8456,11269.98
5/3/2026 18:07,ab92ed,FDX5603,3.8408,101.266,11277.6
5/3/2026 18:07,80152f,IGO1001,3.6054,99.9166,11277.6
5/3/2026 18:08,ab92ed,FDX5603,3.7616,101.3204,11277.6
5/3/2026 18:08,80152f,IGO1001,3.57,99.9812,11277.6
5/3/2026 18:08,ab92ed,FDX5603,3.7195,101.3493,11277.6
5/3/2026 18:08,80152f,IGO1001,3.5596,100.0003,11277.6
5/3/2026 18:09,ab92ed,FDX5603,3.6754,101.3795,11277.6
5/3/2026 18:09,80152f,IGO1001,3.5205,100.0715,11277.6
5/3/2026 18:09,ab92ed,FDX5603,3.5987,101.4323,11277.6
5/3/2026 18:09,80152f,IGO1001,3.5073,100.0957,11277.6
5/3/2026 18:10,ab92ed,FDX5603,3.5517,101.4645,11277.6
5/3/2026 18:10,80152f,IGO1001,3.5073,100.0957,11277.6
5/3/2026 18:10,80152f,IGO1001,3.5073,100.0957,11277.6
5/3/2026 18:11,80152f,IGO1001,3.5073,100.0957,11277.6
5/3/2026 18:23,76cee7,SIA346,3.5282,101.6551,9144
5/3/2026 18:23,76cee7,SIA346,3.5835,101.5973,9144
5/3/2026 18:23,781782,CDG8077,3.6531,101.8901,6865.62
5/3/2026 18:24,76cee7,SIA346,3.6094,101.5703,9144
5/3/2026 18:24,781782,CDG8077,3.6174,101.8781,6720.84
5/3/2026 18:24,485ecc,KLM836,3.5033,101.8693,9144
5/3/2026 18:24,76cee7,SIA346,3.6716,101.5052,9144
5/3/2026 18:24,781782,CDG8077,3.5315,101.8489,6362.7
5/3/2026 18:25,485ecc,KLM836,3.5216,101.8561,9144
5/3/2026 18:25,76cee7,SIA346,3.6999,101.4756,9144
5/3/2026 18:25,781782,CDG8077,3.5142,101.8431,6286.5
5/3/2026 18:25,485ecc,KLM836,3.6193,101.7855,9144
5/3/2026 18:25,76cee7,SIA346,3.7848,101.3869,9144
5/3/2026 18:26,485ecc,KLM836,3.6397,101.7707,9144
5/3/2026 18:26,76cee7,SIA346,3.7927,101.3787,9144
5/3/2026 18:26,485ecc,KLM836,3.73,101.7056,9144
5/3/2026 18:26,76cee7,SIA346,3.8163,101.3539,9144
5/3/2026 18:27,485ecc,KLM836,3.7631,101.6816,9144
5/3/2026 18:27,76cee7,SIA346,3.8163,101.3539,9144
5/3/2026 18:27,485ecc,KLM836,3.8421,101.6245,9144
5/3/2026 18:27,76cee7,SIA346,3.8163,101.3539,9144
5/3/2026 18:28,485ecc,KLM836,3.9167,101.5705,9144
5/3/2026 18:28,76cee7,SIA346,3.8163,101.3539,9144
5/3/2026 18:28,485ecc,KLM836,3.974,101.529,9144
5/3/2026 18:28,76cee7,SIA346,3.8163,101.3539,9144
5/3/2026 18:29,485ecc,KLM836,4.0223,101.4939,9144
5/3/2026 18:29,76cee7,SIA346,3.8163,101.3539,9144
5/3/2026 18:29,485ecc,KLM836,4.0513,101.4728,9144
5/3/2026 18:29,76cee7,SIA346,3.8163,101.3539,9144
5/3/2026 18:30,485ecc,KLM836,4.0513,101.4728,9144
5/3/2026 18:30,76cee7,SIA346,3.8163,101.3539,9144
5/3/2026 18:30,485ecc,KLM836,4.0513,101.4728,9144
5/3/2026 18:30,76cee7,SIA346,3.8163,101.3539,9144
5/3/2026 18:31,485ecc,KLM836,4.0513,101.4728,9144
5/3/2026 18:31,76cee7,SIA346,3.8163,101.3539,9144
5/3/2026 18:31,485ecc,KLM836,4.0513,101.4728,9144
5/3/2026 18:31,7818ac,CES857,3.5972,101.9997,5715
5/3/2026 18:32,485ecc,KLM836,4.0513,101.4728,9144
5/3/2026 18:32,485ecc,KLM836,4.0513,101.4728,9144
5/3/2026 18:33,485ecc,KLM836,4.0513,101.4728,9144
5/3/2026 18:33,485ecc,KLM836,4.0513,101.4728,9144
5/3/2026 18:34,485ecc,KLM836,4.0513,101.4728,9144
5/3/2026 18:38,71011e,SVA840,3.7743,100.2701,8740.14
5/3/2026 18:39,71011e,SVA840,3.7645,100.2802,8686.8
5/3/2026 18:39,71011e,SVA840,3.6924,100.3556,8305.8
5/3/2026 18:40,71011e,SVA840,3.6734,100.3809,8115.3
5/3/2026 18:40,71011e,SVA840,3.6734,100.3809,8115.3
5/3/2026 18:41,71011e,SVA840,3.6734,100.3809,8115.3
5/3/2026 18:41,71011e,SVA840,3.6734,100.3809,8115.3
5/3/2026 18:42,71011e,SVA840,3.6734,100.3809,8115.3
5/3/2026 18:42,71011e,SVA840,3.6734,100.3809,8115.3
5/3/2026 18:44,800738,AIC301,3.5552,100.2266,12192
5/3/2026 18:45,800738,AIC301,3.5552,100.2266,12192
5/3/2026 18:45,800738,AIC301,3.5552,100.2266,12192
5/3/2026 18:46,800738,AIC301,3.5552,100.2266,12192
5/3/2026 18:46,800738,AIC301,3.5552,100.2266,12192
5/3/2026 18:47,800738,AIC301,3.8132,100.0362,12192
5/3/2026 18:47,800738,AIC301,3.8132,100.0362,12192
5/3/2026 18:48,800738,AIC301,3.915,99.9512,12184.38
5/3/2026 18:48,89639a,UAE353,3.5219,100.8722,12039.6
5/3/2026 18:48,800738,AIC301,3.915,99.9512,12184.38
5/3/2026 18:48,7504fe,AXM117,3.5345,101.9992,6888.48
5/3/2026 18:49,89639a,UAE353,3.5628,100.8104,12115.8
5/3/2026 18:49,800738,AIC301,3.915,99.9512,12184.38
5/3/2026 18:49,89639a,UAE353,3.5722,100.7963,12153.9
5/3/2026 18:49,800738,AIC301,3.915,99.9512,12184.38
5/3/2026 18:50,702034,BBC387,3.5358,101.4675,5775.96
5/3/2026 18:50,89639a,UAE353,3.6508,100.6785,12184.38
5/3/2026 18:50,800738,AIC301,3.915,99.9512,12184.38
5/3/2026 18:50,702034,BBC387,3.5832,101.46,5935.98
5/3/2026 18:50,89639a,UAE353,3.6638,100.659,12192
5/3/2026 18:50,800738,AIC301,3.915,99.9512,12184.38
5/3/2026 18:51,702034,BBC387,3.5889,101.459,5951.22
5/3/2026 18:51,89639a,UAE353,3.7078,100.5931,12199.62
5/3/2026 18:51,800738,AIC301,3.915,99.9512,12184.38
5/3/2026 18:51,702034,BBC387,3.5889,101.459,5951.22
5/3/2026 18:51,89639a,UAE353,3.7078,100.5931,12199.62
5/3/2026 18:51,800738,AIC301,3.915,99.9512,12184.38
5/3/2026 18:52,702034,BBC387,3.5889,101.459,5951.22
5/3/2026 18:52,89639a,UAE353,3.7831,100.4798,12192
5/3/2026 18:52,800738,AIC301,3.915,99.9512,12184.38
5/3/2026 18:52,702034,BBC387,3.5889,101.459,5951.22
5/3/2026 18:52,89639a,UAE353,3.7831,100.4798,12192
5/3/2026 18:52,800738,AIC301,3.915,99.9512,12184.38
5/3/2026 18:53,702034,BBC387,3.5889,101.459,5951.22
5/3/2026 18:53,89639a,UAE353,3.7831,100.4798,12192
5/3/2026 18:53,702034,BBC387,3.5889,101.459,5951.22
5/3/2026 18:53,89639a,UAE353,3.7831,100.4798,12192
5/3/2026 18:54,702034,BBC387,3.5889,101.459,5951.22
5/3/2026 18:54,89639a,UAE353,3.7831,100.4798,12192
5/3/2026 18:55,702034,BBC387,3.5889,101.459,5951.22
5/3/2026 18:55,89639a,UAE353,3.7831,100.4798,12192
5/3/2026 18:55,702034,BBC387,3.5889,101.459,5951.22
5/3/2026 18:55,89639a,UAE353,3.7831,100.4798,12192
5/3/2026 18:56,702034,BBC387,3.5889,101.459,5951.22
5/3/2026 18:56,89639a,UAE353,3.7831,100.4798,12192
5/3/2026 18:56,89639a,UAE353,3.7831,100.4798,12192
5/3/2026 18:57,89639a,UAE353,3.7831,100.4798,12192
5/3/2026 19:17,8a0a13,N/A,3.5473,101.3456,9448.8
5/3/2026 19:18,8a0a13,UBG307,3.5103,101.3648,9448.8
5/3/2026 19:18,76cc81,SIA402,3.5593,101.785,9517.38
5/3/2026 19:19,76cc81,SIA402,3.5977,101.7586,9631.68
5/3/2026 19:19,76cc81,SIA402,3.664,101.713,9745.98
5/3/2026 19:20,76cc81,SIA402,3.702,101.6869,9791.7
5/3/2026 19:20,76cc81,SIA402,3.7819,101.6325,9913.62
5/3/2026 19:21,76cc81,SIA402,3.8085,101.6144,9951.72
5/3/2026 19:21,76cc81,SIA402,3.9165,101.5411,10104.12
5/3/2026 19:21,76bcc8,TGW61,3.7143,101.1435,10660.38
5/3/2026 19:22,76cc81,SIA402,3.9455,101.5214,10142.22
5/3/2026 19:22,76bcc8,TGW61,3.6872,101.1619,10660.38
5/3/2026 19:22,8014d6,N/A,3.8346,100.2082,11285.22
5/3/2026 19:22,76cc81,SIA402,3.9689,101.5056,10187.94
5/3/2026 19:22,76bcc8,TGW61,3.6168,101.216,10660.38
5/3/2026 19:23,8014d6,IGO1005,3.8109,100.2324,11285.22
5/3/2026 19:23,76cc81,SIA402,3.9689,101.5056,10187.94
5/3/2026 19:23,76bcc8,TGW61,3.5926,101.2358,10668
5/3/2026 19:23,8014d6,IGO1005,3.7722,100.2719,11277.6
5/3/2026 19:23,76cc81,SIA402,3.9689,101.5056,10187.94
5/3/2026 19:23,76bcc8,TGW61,3.5064,101.3059,10660.38
5/3/2026 19:24,8014d6,IGO1005,3.7196,100.3256,11269.98
5/3/2026 19:24,76cc81,SIA402,3.9689,101.5056,10187.94
5/3/2026 19:24,782000,CSN5050,3.5499,101.9791,7696.2
5/3/2026 19:24,8014d6,IGO1005,3.6954,100.3503,11277.6
5/3/2026 19:24,76cc81,SIA402,3.9689,101.5056,10187.94
5/3/2026 19:25,782000,CSN5050,3.5613,101.9962,7772.4
5/3/2026 19:25,8014d6,IGO1005,3.6954,100.3503,11277.6
5/3/2026 19:25,76cc81,SIA402,3.9689,101.5056,10187.94
5/3/2026 19:25,8014d6,IGO1005,3.6954,100.3503,11277.6
5/3/2026 19:25,76cc81,SIA402,3.9689,101.5056,10187.94
5/3/2026 19:26,8014d6,IGO1005,3.5121,100.5377,11277.6
5/3/2026 19:26,76cc81,SIA402,3.9689,101.5056,10187.94
5/3/2026 19:26,76cc81,SIA402,3.9689,101.5056,10187.94
5/3/2026 19:27,76cc81,SIA402,3.9689,101.5056,10187.94
5/3/2026 19:33,76cdac,SIA330,3.5012,101.7925,9525
5/3/2026 19:33,76cdac,SIA330,3.5564,101.7323,9608.82
5/3/2026 19:34,76cdac,SIA330,3.5804,101.706,9631.68
5/3/2026 19:34,76cdac,SIA330,3.6404,101.6406,9715.5
5/3/2026 19:35,76cdac,SIA330,3.6844,101.5926,9768.84
5/3/2026 19:35,76cdac,SIA330,3.737,101.5353,9837.42
5/3/2026 19:36,76cdac,SIA330,3.7794,101.491,9890.76
5/3/2026 19:36,76cdac,SIA330,3.8345,101.4398,9936.48
5/3/2026 19:37,76cdac,SIA330,3.8588,101.4122,9951.72
5/3/2026 19:37,76cdac,SIA330,3.8828,101.3848,9982.2
5/3/2026 19:38,76cdac,SIA330,3.9579,101.3007,10035.54
5/3/2026 19:38,76cdac,SIA330,3.9579,101.3007,10035.54
5/3/2026 19:39,76cdac,SIA330,3.9579,101.3007,10035.54
5/3/2026 19:39,76cdac,SIA330,3.9579,101.3007,10035.54
5/3/2026 19:40,76cdac,SIA330,3.9579,101.3007,10035.54
5/3/2026 19:40,76cdac,SIA330,3.9579,101.3007,10035.54
5/3/2026 19:41,76cdac,SIA330,3.9579,101.3007,10035.54
5/3/2026 19:41,76cdac,SIA330,3.9579,101.3007,10035.54
5/3/2026 19:42,76cdac,SIA330,3.9579,101.3007,10035.54
5/3/2026 19:42,800d36,IGO1008,3.5776,99.6403,10972.8
5/3/2026 19:42,8007b0,IGO1027,3.8418,101.2938,10668
5/3/2026 19:42,76cdac,SIA330,3.9579,101.3007,10035.54
5/3/2026 19:42,800d36,IGO1008,3.6046,99.5681,10972.8
5/3/2026 19:43,8007b0,IGO1027,3.7753,101.3384,10668
5/3/2026 19:43,800d36,IGO1008,3.6046,99.5681,10972.8
5/3/2026 19:43,8007b0,IGO1027,3.7288,101.3695,10675.62
5/3/2026 19:43,800d36,IGO1008,3.6046,99.5681,10972.8
5/3/2026 19:44,8007b0,IGO1027,3.6728,101.4071,10668
5/3/2026 19:44,800d36,IGO1008,3.6046,99.5681,10972.8
5/3/2026 19:44,8007b0,IGO1027,3.6098,101.4493,10675.62
5/3/2026 19:44,800d36,IGO1008,3.6046,99.5681,10972.8
6/3/2026 10:17,NO_DATA,-,-,-,-
6/3/2026 10:17,NO_DATA,-,-,-,-
6/3/2026 10:18,NO_DATA,-,-,-,-
6/3/2026 10:18,NO_DATA,-,-,-,-
6/3/2026 10:19,NO_DATA,-,-,-,-
6/3/2026 10:19,NO_DATA,-,-,-,-
6/3/2026 10:20,NO_DATA,-,-,-,-
6/3/2026 10:20,NO_DATA,-,-,-,-
6/3/2026 10:21,NO_DATA,-,-,-,-
6/3/2026 10:21,NO_DATA,-,-,-,-
6/3/2026 10:22,NO_DATA,-,-,-,-
6/3/2026 10:22,NO_DATA,-,-,-,-
6/3/2026 10:23,NO_DATA,-,-,-,-
6/3/2026 10:24,NO_DATA,-,-,-,-
6/3/2026 10:24,NO_DATA,-,-,-,-
6/3/2026 10:25,NO_DATA,-,-,-,-
6/3/2026 10:25,NO_DATA,-,-,-,-
6/3/2026 10:26,NO_DATA,-,-,-,-
6/3/2026 10:26,NO_DATA,-,-,-,-
6/3/2026 10:27,NO_DATA,-,-,-,-
6/3/2026 10:27,NO_DATA,-,-,-,-
6/3/2026 10:28,NO_DATA,-,-,-,-
6/3/2026 10:28,NO_DATA,-,-,-,-
6/3/2026 10:29,NO_DATA,-,-,-,-
6/3/2026 10:29,NO_DATA,-,-,-,-
6/3/2026 10:30,NO_DATA,-,-,-,-
6/3/2026 10:30,NO_DATA,-,-,-,-
6/3/2026 10:31,NO_DATA,-,-,-,-
6/3/2026 10:31,NO_DATA,-,-,-,-
6/3/2026 10:32,NO_DATA,-,-,-,-
6/3/2026 10:32,NO_DATA,-,-,-,-
6/3/2026 10:33,NO_DATA,-,-,-,-
6/3/2026 10:33,NO_DATA,-,-,-,-
6/3/2026 10:34,NO_DATA,-,-,-,-
6/3/2026 10:34,NO_DATA,-,-,-,-
6/3/2026 10:35,NO_DATA,-,-,-,-
6/3/2026 10:35,NO_DATA,-,-,-,-
6/3/2026 10:36,NO_DATA,-,-,-,-
6/3/2026 10:36,NO_DATA,-,-,-,-
6/3/2026 10:37,NO_DATA,-,-,-,-
6/3/2026 10:37,NO_DATA,-,-,-,-
6/3/2026 10:38,NO_DATA,-,-,-,-
6/3/2026 10:38,NO_DATA,-,-,-,-
6/3/2026 10:39,NO_DATA,-,-,-,-
6/3/2026 10:39,NO_DATA,-,-,-,-
6/3/2026 10:40,NO_DATA,-,-,-,-
6/3/2026 10:40,NO_DATA,-,-,-,-
6/3/2026 10:41,NO_DATA,-,-,-,-
6/3/2026 10:41,NO_DATA,-,-,-,-
6/3/2026 10:42,NO_DATA,-,-,-,-
6/3/2026 10:43,NO_DATA,-,-,-,-
6/3/2026 10:43,NO_DATA,-,-,-,-
6/3/2026 10:44,NO_DATA,-,-,-,-
6/3/2026 10:44,NO_DATA,-,-,-,-
6/3/2026 10:45,NO_DATA,-,-,-,-
6/3/2026 10:45,NO_DATA,-,-,-,-
6/3/2026 10:46,NO_DATA,-,-,-,-
6/3/2026 10:46,NO_DATA,-,-,-,-
6/3/2026 10:47,NO_DATA,-,-,-,-
6/3/2026 10:47,NO_DATA,-,-,-,-
6/3/2026 10:48,NO_DATA,-,-,-,-
6/3/2026 10:48,NO_DATA,-,-,-,-
6/3/2026 10:49,NO_DATA,-,-,-,-
6/3/2026 10:49,NO_DATA,-,-,-,-
6/3/2026 10:50,NO_DATA,-,-,-,-
6/3/2026 10:50,NO_DATA,-,-,-,-
6/3/2026 10:51,NO_DATA,-,-,-,-
6/3/2026 10:51,NO_DATA,-,-,-,-
6/3/2026 10:52,NO_DATA,-,-,-,-
6/3/2026 10:52,NO_DATA,-,-,-,-
6/3/2026 10:53,NO_DATA,-,-,-,-
6/3/2026 10:53,NO_DATA,-,-,-,-
6/3/2026 10:54,NO_DATA,-,-,-,-
6/3/2026 10:54,NO_DATA,-,-,-,-
6/3/2026 10:55,NO_DATA,-,-,-,-
6/3/2026 10:55,NO_DATA,-,-,-,-
6/3/2026 10:56,NO_DATA,-,-,-,-
6/3/2026 10:56,NO_DATA,-,-,-,-
6/3/2026 10:57,NO_DATA,-,-,-,-
6/3/2026 10:57,NO_DATA,-,-,-,-
6/3/2026 10:58,NO_DATA,-,-,-,-
6/3/2026 10:58,NO_DATA,-,-,-,-
6/3/2026 10:59,NO_DATA,-,-,-,-
6/3/2026 10:59,NO_DATA,-,-,-,-
6/3/2026 11:00,NO_DATA,-,-,-,-
6/3/2026 11:00,NO_DATA,-,-,-,-
6/3/2026 11:01,NO_DATA,-,-,-,-
6/3/2026 11:02,NO_DATA,-,-,-,-
6/3/2026 11:02,NO_DATA,-,-,-,-
6/3/2026 11:03,NO_DATA,-,-,-,-
6/3/2026 11:03,NO_DATA,-,-,-,-
6/3/2026 11:04,NO_DATA,-,-,-,-
6/3/2026 11:04,NO_DATA,-,-,-,-
6/3/2026 11:05,NO_DATA,-,-,-,-
6/3/2026 11:05,NO_DATA,-,-,-,-
6/3/2026 11:06,NO_DATA,-,-,-,-
6/3/2026 11:06,NO_DATA,-,-,-,-
6/3/2026 11:07,NO_DATA,-,-,-,-
6/3/2026 11:07,NO_DATA,-,-,-,-
6/3/2026 11:08,NO_DATA,-,-,-,-
6/3/2026 11:08,NO_DATA,-,-,-,-
6/3/2026 11:09,NO_DATA,-,-,-,-
6/3/2026 11:09,NO_DATA,-,-,-,-
6/3/2026 11:10,NO_DATA,-,-,-,-
6/3/2026 11:10,NO_DATA,-,-,-,-
6/3/2026 11:11,NO_DATA,-,-,-,-
6/3/2026 11:11,NO_DATA,-,-,-,-
6/3/2026 11:12,NO_DATA,-,-,-,-
6/3/2026 11:12,NO_DATA,-,-,-,-
6/3/2026 11:13,NO_DATA,-,-,-,-
6/3/2026 11:13,NO_DATA,-,-,-,-
6/3/2026 11:14,NO_DATA,-,-,-,-
6/3/2026 11:14,NO_DATA,-,-,-,-
6/3/2026 11:15,NO_DATA,-,-,-,-
6/3/2026 11:15,NO_DATA,-,-,-,-
6/3/2026 11:16,NO_DATA,-,-,-,-
6/3/2026 11:16,NO_DATA,-,-,-,-
6/3/2026 11:17,NO_DATA,-,-,-,-
6/3/2026 11:17,NO_DATA,-,-,-,-
6/3/2026 11:18,NO_DATA,-,-,-,-
6/3/2026 11:18,NO_DATA,-,-,-,-
6/3/2026 11:19,NO_DATA,-,-,-,-
6/3/2026 11:19,NO_DATA,-,-,-,-
6/3/2026 11:20,NO_DATA,-,-,-,-
6/3/2026 11:20,NO_DATA,-,-,-,-
6/3/2026 11:21,NO_DATA,-,-,-,-
6/3/2026 11:22,NO_DATA,-,-,-,-
6/3/2026 11:22,NO_DATA,-,-,-,-
6/3/2026 11:23,NO_DATA,-,-,-,-
6/3/2026 11:23,NO_DATA,-,-,-,-
6/3/2026 11:24,NO_DATA,-,-,-,-
6/3/2026 11:24,NO_DATA,-,-,-,-
6/3/2026 11:25,NO_DATA,-,-,-,-
6/3/2026 11:25,NO_DATA,-,-,-,-
6/3/2026 11:26,NO_DATA,-,-,-,-
6/3/2026 11:26,NO_DATA,-,-,-,-
6/3/2026 11:27,NO_DATA,-,-,-,-
6/3/2026 11:27,NO_DATA,-,-,-,-
6/3/2026 11:28,NO_DATA,-,-,-,-
6/3/2026 11:28,NO_DATA,-,-,-,-
6/3/2026 11:29,NO_DATA,-,-,-,-
6/3/2026 11:29,NO_DATA,-,-,-,-
6/3/2026 11:30,NO_DATA,-,-,-,-
6/3/2026 11:30,NO_DATA,-,-,-,-
6/3/2026 11:31,NO_DATA,-,-,-,-
6/3/2026 11:31,NO_DATA,-,-,-,-
6/3/2026 11:32,NO_DATA,-,-,-,-
6/3/2026 11:32,NO_DATA,-,-,-,-
6/3/2026 11:33,NO_DATA,-,-,-,-
6/3/2026 11:33,NO_DATA,-,-,-,-
6/3/2026 11:34,NO_DATA,-,-,-,-
6/3/2026 11:34,NO_DATA,-,-,-,-
6/3/2026 11:35,NO_DATA,-,-,-,-
6/3/2026 11:35,NO_DATA,-,-,-,-
6/3/2026 11:36,NO_DATA,-,-,-,-
6/3/2026 11:36,NO_DATA,-,-,-,-
6/3/2026 11:37,NO_DATA,-,-,-,-
6/3/2026 11:37,NO_DATA,-,-,-,-
6/3/2026 11:38,NO_DATA,-,-,-,-
6/3/2026 11:38,NO_DATA,-,-,-,-
6/3/2026 11:39,NO_DATA,-,-,-,-
6/3/2026 11:39,NO_DATA,-,-,-,-
6/3/2026 11:40,NO_DATA,-,-,-,-
6/3/2026 11:41,NO_DATA,-,-,-,-
6/3/2026 11:41,NO_DATA,-,-,-,-
6/3/2026 11:42,NO_DATA,-,-,-,-
6/3/2026 11:42,NO_DATA,-,-,-,-
6/3/2026 11:43,NO_DATA,-,-,-,-
6/3/2026 11:43,NO_DATA,-,-,-,-
6/3/2026 11:44,NO_DATA,-,-,-,-
6/3/2026 11:44,NO_DATA,-,-,-,-
6/3/2026 11:45,NO_DATA,-,-,-,-
6/3/2026 11:45,NO_DATA,-,-,-,-
6/3/2026 11:46,NO_DATA,-,-,-,-
6/3/2026 11:46,NO_DATA,-,-,-,-
6/3/2026 11:47,NO_DATA,-,-,-,-
6/3/2026 11:47,NO_DATA,-,-,-,-
6/3/2026 11:48,NO_DATA,-,-,-,-
6/3/2026 11:48,NO_DATA,-,-,-,-
6/3/2026 11:49,NO_DATA,-,-,-,-
6/3/2026 11:49,NO_DATA,-,-,-,-
6/3/2026 11:50,NO_DATA,-,-,-,-
6/3/2026 11:50,NO_DATA,-,-,-,-
6/3/2026 11:51,NO_DATA,-,-,-,-
6/3/2026 11:51,NO_DATA,-,-,-,-
6/3/2026 11:52,NO_DATA,-,-,-,-
6/3/2026 11:52,NO_DATA,-,-,-,-
6/3/2026 11:53,NO_DATA,-,-,-,-
6/3/2026 11:53,NO_DATA,-,-,-,-
6/3/2026 11:54,NO_DATA,-,-,-,-
6/3/2026 11:54,NO_DATA,-,-,-,-
6/3/2026 11:55,NO_DATA,-,-,-,-
6/3/2026 11:55,NO_DATA,-,-,-,-
6/3/2026 11:56,NO_DATA,-,-,-,-
6/3/2026 11:56,NO_DATA,-,-,-,-
6/3/2026 11:57,NO_DATA,-,-,-,-
6/3/2026 11:57,NO_DATA,-,-,-,-
6/3/2026 11:58,NO_DATA,-,-,-,-
6/3/2026 11:58,NO_DATA,-,-,-,-
6/3/2026 11:59,NO_DATA,-,-,-,-
6/3/2026 11:59,NO_DATA,-,-,-,-
6/3/2026 12:00,NO_DATA,-,-,-,-
6/3/2026 12:01,NO_DATA,-,-,-,-
6/3/2026 12:01,NO_DATA,-,-,-,-
6/3/2026 12:02,NO_DATA,-,-,-,-
6/3/2026 12:02,NO_DATA,-,-,-,-
6/3/2026 12:03,NO_DATA,-,-,-,-
6/3/2026 12:03,NO_DATA,-,-,-,-
6/3/2026 12:04,NO_DATA,-,-,-,-
6/3/2026 12:04,NO_DATA,-,-,-,-
6/3/2026 12:05,NO_DATA,-,-,-,-
6/3/2026 12:05,NO_DATA,-,-,-,-
6/3/2026 12:06,NO_DATA,-,-,-,-
6/3/2026 12:06,NO_DATA,-,-,-,-
6/3/2026 12:07,NO_DATA,-,-,-,-
6/3/2026 12:07,NO_DATA,-,-,-,-
6/3/2026 12:08,NO_DATA,-,-,-,-
6/3/2026 12:08,NO_DATA,-,-,-,-
6/3/2026 12:09,NO_DATA,-,-,-,-
6/3/2026 12:09,NO_DATA,-,-,-,-
6/3/2026 12:10,NO_DATA,-,-,-,-
6/3/2026 12:10,NO_DATA,-,-,-,-
6/3/2026 12:11,NO_DATA,-,-,-,-
6/3/2026 12:11,NO_DATA,-,-,-,-
6/3/2026 12:12,NO_DATA,-,-,-,-
6/3/2026 12:12,NO_DATA,-,-,-,-
6/3/2026 12:13,NO_DATA,-,-,-,-
6/3/2026 12:13,NO_DATA,-,-,-,-
6/3/2026 12:14,NO_DATA,-,-,-,-
6/3/2026 12:14,NO_DATA,-,-,-,-
6/3/2026 12:15,NO_DATA,-,-,-,-
6/3/2026 12:15,NO_DATA,-,-,-,-
6/3/2026 12:16,NO_DATA,-,-,-,-
6/3/2026 12:16,NO_DATA,-,-,-,-
6/3/2026 12:17,NO_DATA,-,-,-,-
6/3/2026 12:17,NO_DATA,-,-,-,-
6/3/2026 12:18,NO_DATA,-,-,-,-
6/3/2026 12:18,NO_DATA,-,-,-,-
6/3/2026 12:19,NO_DATA,-,-,-,-
6/3/2026 12:20,NO_DATA,-,-,-,-
6/3/2026 12:20,NO_DATA,-,-,-,-
6/3/2026 12:21,NO_DATA,-,-,-,-
6/3/2026 12:21,NO_DATA,-,-,-,-
6/3/2026 12:22,NO_DATA,-,-,-,-
6/3/2026 12:22,NO_DATA,-,-,-,-
6/3/2026 12:23,NO_DATA,-,-,-,-
6/3/2026 12:23,NO_DATA,-,-,-,-
6/3/2026 12:24,NO_DATA,-,-,-,-
6/3/2026 12:24,NO_DATA,-,-,-,-
6/3/2026 12:25,NO_DATA,-,-,-,-
6/3/2026 12:25,NO_DATA,-,-,-,-
6/3/2026 12:26,NO_DATA,-,-,-,-
6/3/2026 12:26,NO_DATA,-,-,-,-
6/3/2026 12:27,NO_DATA,-,-,-,-
6/3/2026 12:27,NO_DATA,-,-,-,-
6/3/2026 12:28,NO_DATA,-,-,-,-
6/3/2026 12:28,NO_DATA,-,-,-,-
6/3/2026 12:29,NO_DATA,-,-,-,-
6/3/2026 12:29,NO_DATA,-,-,-,-
6/3/2026 12:30,NO_DATA,-,-,-,-
6/3/2026 12:30,NO_DATA,-,-,-,-
6/3/2026 12:31,NO_DATA,-,-,-,-
6/3/2026 12:31,NO_DATA,-,-,-,-
6/3/2026 12:32,NO_DATA,-,-,-,-
6/3/2026 12:32,NO_DATA,-,-,-,-
6/3/2026 12:33,NO_DATA,-,-,-,-
6/3/2026 12:33,NO_DATA,-,-,-,-
6/3/2026 12:34,NO_DATA,-,-,-,-
6/3/2026 12:34,NO_DATA,-,-,-,-
6/3/2026 12:35,NO_DATA,-,-,-,-
6/3/2026 12:35,NO_DATA,-,-,-,-
6/3/2026 12:36,NO_DATA,-,-,-,-
6/3/2026 12:36,NO_DATA,-,-,-,-
6/3/2026 12:37,NO_DATA,-,-,-,-
6/3/2026 12:37,NO_DATA,-,-,-,-
6/3/2026 12:38,NO_DATA,-,-,-,-
6/3/2026 12:39,NO_DATA,-,-,-,-
6/3/2026 12:39,NO_DATA,-,-,-,-
6/3/2026 12:40,NO_DATA,-,-,-,-
6/3/2026 12:40,NO_DATA,-,-,-,-
6/3/2026 12:41,NO_DATA,-,-,-,-
6/3/2026 12:41,NO_DATA,-,-,-,-
6/3/2026 12:42,NO_DATA,-,-,-,-
6/3/2026 12:42,NO_DATA,-,-,-,-
6/3/2026 12:43,NO_DATA,-,-,-,-
6/3/2026 12:43,NO_DATA,-,-,-,-
6/3/2026 12:44,NO_DATA,-,-,-,-
6/3/2026 12:44,NO_DATA,-,-,-,-
6/3/2026 12:45,NO_DATA,-,-,-,-
6/3/2026 12:45,NO_DATA,-,-,-,-
6/3/2026 12:46,NO_DATA,-,-,-,-
6/3/2026 12:46,NO_DATA,-,-,-,-
6/3/2026 12:47,NO_DATA,-,-,-,-
6/3/2026 12:47,NO_DATA,-,-,-,-
6/3/2026 12:48,NO_DATA,-,-,-,-
6/3/2026 12:48,NO_DATA,-,-,-,-
6/3/2026 12:49,NO_DATA,-,-,-,-
6/3/2026 12:49,NO_DATA,-,-,-,-
6/3/2026 12:50,NO_DATA,-,-,-,-
6/3/2026 12:50,NO_DATA,-,-,-,-
6/3/2026 12:51,NO_DATA,-,-,-,-
6/3/2026 12:51,NO_DATA,-,-,-,-
6/3/2026 12:52,NO_DATA,-,-,-,-
6/3/2026 12:53,NO_DATA,-,-,-,-
6/3/2026 12:53,NO_DATA,-,-,-,-
6/3/2026 12:54,NO_DATA,-,-,-,-
6/3/2026 12:54,NO_DATA,-,-,-,-
6/3/2026 12:55,NO_DATA,-,-,-,-
6/3/2026 12:55,NO_DATA,-,-,-,-
6/3/2026 12:56,NO_DATA,-,-,-,-
6/3/2026 12:56,NO_DATA,-,-,-,-
6/3/2026 12:57,NO_DATA,-,-,-,-
6/3/2026 12:57,NO_DATA,-,-,-,-
6/3/2026 12:58,NO_DATA,-,-,-,-
6/3/2026 12:58,NO_DATA,-,-,-,-
6/3/2026 12:59,NO_DATA,-,-,-,-
6/3/2026 12:59,NO_DATA,-,-,-,-
6/3/2026 13:00,NO_DATA,-,-,-,-
6/3/2026 13:00,NO_DATA,-,-,-,-
6/3/2026 13:01,NO_DATA,-,-,-,-
6/3/2026 13:01,NO_DATA,-,-,-,-
6/3/2026 13:02,NO_DATA,-,-,-,-
6/3/2026 13:02,NO_DATA,-,-,-,-
6/3/2026 13:03,NO_DATA,-,-,-,-
6/3/2026 13:03,NO_DATA,-,-,-,-
6/3/2026 13:04,NO_DATA,-,-,-,-
6/3/2026 13:04,NO_DATA,-,-,-,-
6/3/2026 13:05,NO_DATA,-,-,-,-
6/3/2026 13:05,NO_DATA,-,-,-,-
6/3/2026 13:06,NO_DATA,-,-,-,-
6/3/2026 13:06,NO_DATA,-,-,-,-
6/3/2026 13:07,NO_DATA,-,-,-,-
6/3/2026 13:08,NO_DATA,-,-,-,-
6/3/2026 13:08,NO_DATA,-,-,-,-
6/3/2026 13:09,NO_DATA,-,-,-,-
6/3/2026 13:09,NO_DATA,-,-,-,-
6/3/2026 13:10,NO_DATA,-,-,-,-
6/3/2026 13:10,NO_DATA,-,-,-,-
6/3/2026 13:11,NO_DATA,-,-,-,-
6/3/2026 13:11,NO_DATA,-,-,-,-
6/3/2026 13:12,NO_DATA,-,-,-,-
6/3/2026 13:12,NO_DATA,-,-,-,-
6/3/2026 13:13,NO_DATA,-,-,-,-
6/3/2026 13:13,NO_DATA,-,-,-,-
6/3/2026 13:14,NO_DATA,-,-,-,-
6/3/2026 13:14,NO_DATA,-,-,-,-
6/3/2026 13:15,NO_DATA,-,-,-,-
6/3/2026 13:15,NO_DATA,-,-,-,-
6/3/2026 13:16,NO_DATA,-,-,-,-
6/3/2026 13:16,NO_DATA,-,-,-,-
6/3/2026 13:17,NO_DATA,-,-,-,-
6/3/2026 13:17,NO_DATA,-,-,-,-
6/3/2026 13:18,NO_DATA,-,-,-,-
6/3/2026 13:18,NO_DATA,-,-,-,-
6/3/2026 13:19,NO_DATA,-,-,-,-
6/3/2026 13:19,NO_DATA,-,-,-,-
6/3/2026 13:20,NO_DATA,-,-,-,-
6/3/2026 13:20,NO_DATA,-,-,-,-
6/3/2026 13:21,NO_DATA,-,-,-,-
6/3/2026 13:21,NO_DATA,-,-,-,-
6/3/2026 13:22,NO_DATA,-,-,-,-
6/3/2026 13:23,NO_DATA,-,-,-,-
6/3/2026 13:23,NO_DATA,-,-,-,-
6/3/2026 13:24,NO_DATA,-,-,-,-
6/3/2026 13:24,NO_DATA,-,-,-,-
6/3/2026 13:25,NO_DATA,-,-,-,-
6/3/2026 13:25,NO_DATA,-,-,-,-
6/3/2026 13:26,NO_DATA,-,-,-,-
6/3/2026 13:26,NO_DATA,-,-,-,-
6/3/2026 13:27,NO_DATA,-,-,-,-
6/3/2026 13:27,NO_DATA,-,-,-,-
6/3/2026 13:28,NO_DATA,-,-,-,-
6/3/2026 13:28,NO_DATA,-,-,-,-
6/3/2026 13:29,NO_DATA,-,-,-,-
6/3/2026 13:29,NO_DATA,-,-,-,-
6/3/2026 13:30,NO_DATA,-,-,-,-
6/3/2026 13:30,NO_DATA,-,-,-,-
6/3/2026 13:31,NO_DATA,-,-,-,-
6/3/2026 13:31,NO_DATA,-,-,-,-
6/3/2026 13:32,NO_DATA,-,-,-,-
6/3/2026 13:32,NO_DATA,-,-,-,-
6/3/2026 13:33,NO_DATA,-,-,-,-
6/3/2026 13:33,NO_DATA,-,-,-,-
6/3/2026 13:34,NO_DATA,-,-,-,-
6/3/2026 13:34,NO_DATA,-,-,-,-
6/3/2026 13:35,NO_DATA,-,-,-,-
6/3/2026 13:35,NO_DATA,-,-,-,-
6/3/2026 13:36,NO_DATA,-,-,-,-
6/3/2026 13:36,NO_DATA,-,-,-,-
6/3/2026 13:37,NO_DATA,-,-,-,-
6/3/2026 13:37,NO_DATA,-,-,-,-
6/3/2026 13:38,NO_DATA,-,-,-,-
6/3/2026 13:39,NO_DATA,-,-,-,-
6/3/2026 13:39,NO_DATA,-,-,-,-
6/3/2026 13:40,NO_DATA,-,-,-,-
6/3/2026 13:40,NO_DATA,-,-,-,-
6/3/2026 13:41,NO_DATA,-,-,-,-
6/3/2026 13:41,NO_DATA,-,-,-,-
6/3/2026 13:42,NO_DATA,-,-,-,-
6/3/2026 13:42,NO_DATA,-,-,-,-
6/3/2026 13:43,NO_DATA,-,-,-,-
6/3/2026 13:43,NO_DATA,-,-,-,-
6/3/2026 13:44,NO_DATA,-,-,-,-
6/3/2026 13:44,NO_DATA,-,-,-,-
6/3/2026 13:45,NO_DATA,-,-,-,-
6/3/2026 13:45,NO_DATA,-,-,-,-
6/3/2026 13:46,NO_DATA,-,-,-,-
6/3/2026 13:46,NO_DATA,-,-,-,-
6/3/2026 13:47,NO_DATA,-,-,-,-
6/3/2026 13:47,NO_DATA,-,-,-,-
6/3/2026 13:48,NO_DATA,-,-,-,-
6/3/2026 13:48,NO_DATA,-,-,-,-
6/3/2026 13:49,NO_DATA,-,-,-,-
6/3/2026 13:49,NO_DATA,-,-,-,-
6/3/2026 13:50,NO_DATA,-,-,-,-
6/3/2026 13:50,NO_DATA,-,-,-,-
6/3/2026 13:51,NO_DATA,-,-,-,-
6/3/2026 13:51,NO_DATA,-,-,-,-
6/3/2026 13:52,NO_DATA,-,-,-,-
6/3/2026 13:52,NO_DATA,-,-,-,-
6/3/2026 13:53,NO_DATA,-,-,-,-
6/3/2026 13:53,NO_DATA,-,-,-,-
6/3/2026 13:54,NO_DATA,-,-,-,-
6/3/2026 13:54,NO_DATA,-,-,-,-
6/3/2026 13:55,NO_DATA,-,-,-,-
6/3/2026 13:55,NO_DATA,-,-,-,-
6/3/2026 13:56,NO_DATA,-,-,-,-
6/3/2026 13:56,NO_DATA,-,-,-,-
6/3/2026 13:57,NO_DATA,-,-,-,-
6/3/2026 13:58,NO_DATA,-,-,-,-
6/3/2026 13:58,NO_DATA,-,-,-,-
6/3/2026 13:59,NO_DATA,-,-,-,-
6/3/2026 13:59,NO_DATA,-,-,-,-
6/3/2026 14:00,NO_DATA,-,-,-,-
6/3/2026 14:00,NO_DATA,-,-,-,-
6/3/2026 14:01,NO_DATA,-,-,-,-
6/3/2026 14:01,NO_DATA,-,-,-,-
6/3/2026 14:02,NO_DATA,-,-,-,-
6/3/2026 14:02,NO_DATA,-,-,-,-
6/3/2026 14:03,NO_DATA,-,-,-,-
6/3/2026 14:03,NO_DATA,-,-,-,-
6/3/2026 14:04,NO_DATA,-,-,-,-
6/3/2026 14:04,NO_DATA,-,-,-,-
6/3/2026 14:05,NO_DATA,-,-,-,-
6/3/2026 14:05,NO_DATA,-,-,-,-
6/3/2026 14:06,NO_DATA,-,-,-,-
6/3/2026 14:06,NO_DATA,-,-,-,-
6/3/2026 14:07,NO_DATA,-,-,-,-
6/3/2026 14:07,NO_DATA,-,-,-,-
6/3/2026 14:08,NO_DATA,-,-,-,-
6/3/2026 14:08,NO_DATA,-,-,-,-
6/3/2026 14:09,NO_DATA,-,-,-,-
6/3/2026 14:09,NO_DATA,-,-,-,-
6/3/2026 14:10,NO_DATA,-,-,-,-
6/3/2026 14:10,NO_DATA,-,-,-,-
6/3/2026 14:11,NO_DATA,-,-,-,-
6/3/2026 14:11,NO_DATA,-,-,-,-
6/3/2026 14:12,NO_DATA,-,-,-,-
6/3/2026 14:12,NO_DATA,-,-,-,-
6/3/2026 14:13,NO_DATA,-,-,-,-
6/3/2026 14:14,NO_DATA,-,-,-,-
6/3/2026 14:14,NO_DATA,-,-,-,-
6/3/2026 14:15,NO_DATA,-,-,-,-
6/3/2026 14:15,NO_DATA,-,-,-,-
6/3/2026 14:16,NO_DATA,-,-,-,-
6/3/2026 14:16,NO_DATA,-,-,-,-
6/3/2026 14:17,NO_DATA,-,-,-,-
6/3/2026 14:17,NO_DATA,-,-,-,-
6/3/2026 14:18,NO_DATA,-,-,-,-
6/3/2026 14:18,NO_DATA,-,-,-,-
6/3/2026 14:19,NO_DATA,-,-,-,-
6/3/2026 14:19,NO_DATA,-,-,-,-
6/3/2026 14:20,NO_DATA,-,-,-,-
6/3/2026 14:20,NO_DATA,-,-,-,-
6/3/2026 14:21,NO_DATA,-,-,-,-
6/3/2026 14:21,NO_DATA,-,-,-,-
6/3/2026 14:22,NO_DATA,-,-,-,-
6/3/2026 14:22,NO_DATA,-,-,-,-
6/3/2026 14:23,NO_DATA,-,-,-,-
6/3/2026 14:23,NO_DATA,-,-,-,-
6/3/2026 14:24,NO_DATA,-,-,-,-
6/3/2026 14:24,NO_DATA,-,-,-,-
6/3/2026 14:25,NO_DATA,-,-,-,-
6/3/2026 14:25,NO_DATA,-,-,-,-
6/3/2026 14:26,NO_DATA,-,-,-,-
6/3/2026 14:26,NO_DATA,-,-,-,-
6/3/2026 14:27,NO_DATA,-,-,-,-
6/3/2026 14:27,NO_DATA,-,-,-,-
6/3/2026 14:28,NO_DATA,-,-,-,-
6/3/2026 14:28,NO_DATA,-,-,-,-
6/3/2026 14:29,NO_DATA,-,-,-,-
6/3/2026 14:29,NO_DATA,-,-,-,-
6/3/2026 14:30,NO_DATA,-,-,-,-
6/3/2026 14:30,NO_DATA,-,-,-,-
6/3/2026 14:31,NO_DATA,-,-,-,-
6/3/2026 14:32,NO_DATA,-,-,-,-
6/3/2026 14:32,NO_DATA,-,-,-,-
6/3/2026 14:33,NO_DATA,-,-,-,-
6/3/2026 14:33,NO_DATA,-,-,-,-
6/3/2026 14:34,NO_DATA,-,-,-,-
6/3/2026 14:34,NO_DATA,-,-,-,-
6/3/2026 14:35,NO_DATA,-,-,-,-
6/3/2026 14:35,NO_DATA,-,-,-,-
6/3/2026 14:36,NO_DATA,-,-,-,-
6/3/2026 14:36,NO_DATA,-,-,-,-
6/3/2026 14:37,NO_DATA,-,-,-,-
6/3/2026 14:37,NO_DATA,-,-,-,-
6/3/2026 14:38,NO_DATA,-,-,-,-
6/3/2026 14:38,NO_DATA,-,-,-,-
6/3/2026 14:39,NO_DATA,-,-,-,-
6/3/2026 14:39,NO_DATA,-,-,-,-
6/3/2026 14:40,NO_DATA,-,-,-,-
6/3/2026 14:40,NO_DATA,-,-,-,-
6/3/2026 14:41,NO_DATA,-,-,-,-
6/3/2026 14:41,NO_DATA,-,-,-,-
6/3/2026 14:42,NO_DATA,-,-,-,-
6/3/2026 14:42,NO_DATA,-,-,-,-
6/3/2026 14:43,NO_DATA,-,-,-,-
6/3/2026 14:43,NO_DATA,-,-,-,-
6/3/2026 14:44,NO_DATA,-,-,-,-
6/3/2026 14:44,NO_DATA,-,-,-,-
6/3/2026 14:45,NO_DATA,-,-,-,-
6/3/2026 14:45,NO_DATA,-,-,-,-
6/3/2026 14:46,NO_DATA,-,-,-,-
6/3/2026 14:46,NO_DATA,-,-,-,-
6/3/2026 14:47,NO_DATA,-,-,-,-
6/3/2026 14:47,NO_DATA,-,-,-,-
6/3/2026 14:48,NO_DATA,-,-,-,-
6/3/2026 14:48,NO_DATA,-,-,-,-
6/3/2026 14:49,NO_DATA,-,-,-,-
6/3/2026 14:49,NO_DATA,-,-,-,-
6/3/2026 14:50,NO_DATA,-,-,-,-
6/3/2026 14:50,NO_DATA,-,-,-,-
6/3/2026 14:51,NO_DATA,-,-,-,-
6/3/2026 14:52,NO_DATA,-,-,-,-
6/3/2026 14:52,NO_DATA,-,-,-,-
6/3/2026 14:53,NO_DATA,-,-,-,-
6/3/2026 14:53,NO_DATA,-,-,-,-
6/3/2026 14:54,NO_DATA,-,-,-,-
6/3/2026 14:54,NO_DATA,-,-,-,-
6/3/2026 14:55,NO_DATA,-,-,-,-
6/3/2026 14:55,NO_DATA,-,-,-,-
6/3/2026 14:56,NO_DATA,-,-,-,-
6/3/2026 14:56,NO_DATA,-,-,-,-
6/3/2026 14:57,NO_DATA,-,-,-,-
6/3/2026 14:57,NO_DATA,-,-,-,-
6/3/2026 14:58,NO_DATA,-,-,-,-
6/3/2026 14:58,NO_DATA,-,-,-,-
6/3/2026 14:59,NO_DATA,-,-,-,-
6/3/2026 14:59,NO_DATA,-,-,-,-
6/3/2026 15:00,NO_DATA,-,-,-,-
6/3/2026 15:00,NO_DATA,-,-,-,-
6/3/2026 15:01,NO_DATA,-,-,-,-
6/3/2026 15:01,NO_DATA,-,-,-,-
6/3/2026 15:02,NO_DATA,-,-,-,-
6/3/2026 15:02,NO_DATA,-,-,-,-
6/3/2026 15:03,NO_DATA,-,-,-,-
6/3/2026 15:03,NO_DATA,-,-,-,-
6/3/2026 15:04,NO_DATA,-,-,-,-
6/3/2026 15:04,NO_DATA,-,-,-,-
6/3/2026 15:05,NO_DATA,-,-,-,-
6/3/2026 15:05,NO_DATA,-,-,-,-
6/3/2026 15:06,NO_DATA,-,-,-,-
6/3/2026 15:06,NO_DATA,-,-,-,-
6/3/2026 15:07,NO_DATA,-,-,-,-
6/3/2026 15:07,NO_DATA,-,-,-,-
6/3/2026 15:08,NO_DATA,-,-,-,-
6/3/2026 15:08,NO_DATA,-,-,-,-
6/3/2026 15:09,NO_DATA,-,-,-,-
6/3/2026 15:09,NO_DATA,-,-,-,-
6/3/2026 15:10,NO_DATA,-,-,-,-
6/3/2026 15:10,NO_DATA,-,-,-,-
6/3/2026 15:11,NO_DATA,-,-,-,-
6/3/2026 15:11,NO_DATA,-,-,-,-
6/3/2026 15:12,NO_DATA,-,-,-,-
6/3/2026 15:13,NO_DATA,-,-,-,-
6/3/2026 15:13,NO_DATA,-,-,-,-
6/3/2026 15:14,NO_DATA,-,-,-,-
6/3/2026 15:14,NO_DATA,-,-,-,-
6/3/2026 15:15,NO_DATA,-,-,-,-
6/3/2026 15:15,NO_DATA,-,-,-,-
6/3/2026 15:16,NO_DATA,-,-,-,-
6/3/2026 15:16,NO_DATA,-,-,-,-
6/3/2026 15:17,NO_DATA,-,-,-,-
6/3/2026 15:17,NO_DATA,-,-,-,-
6/3/2026 15:18,NO_DATA,-,-,-,-
6/3/2026 15:18,NO_DATA,-,-,-,-
6/3/2026 15:19,NO_DATA,-,-,-,-
6/3/2026 15:19,NO_DATA,-,-,-,-
6/3/2026 15:20,NO_DATA,-,-,-,-
6/3/2026 15:20,NO_DATA,-,-,-,-
6/3/2026 15:21,NO_DATA,-,-,-,-
6/3/2026 15:21,NO_DATA,-,-,-,-
6/3/2026 15:22,NO_DATA,-,-,-,-
6/3/2026 15:22,NO_DATA,-,-,-,-
6/3/2026 15:23,NO_DATA,-,-,-,-
6/3/2026 15:23,NO_DATA,-,-,-,-
6/3/2026 15:24,NO_DATA,-,-,-,-
6/3/2026 15:24,NO_DATA,-,-,-,-
6/3/2026 15:25,NO_DATA,-,-,-,-
6/3/2026 15:25,NO_DATA,-,-,-,-
6/3/2026 15:26,NO_DATA,-,-,-,-
6/3/2026 15:26,NO_DATA,-,-,-,-
6/3/2026 15:27,NO_DATA,-,-,-,-
6/3/2026 15:27,NO_DATA,-,-,-,-
6/3/2026 15:28,NO_DATA,-,-,-,-
6/3/2026 15:28,NO_DATA,-,-,-,-
6/3/2026 15:29,NO_DATA,-,-,-,-
6/3/2026 15:29,NO_DATA,-,-,-,-
6/3/2026 15:30,NO_DATA,-,-,-,-
6/3/2026 15:30,NO_DATA,-,-,-,-
6/3/2026 15:31,NO_DATA,-,-,-,-
6/3/2026 15:31,NO_DATA,-,-,-,-
6/3/2026 15:32,NO_DATA,-,-,-,-
6/3/2026 15:32,NO_DATA,-,-,-,-
6/3/2026 15:33,NO_DATA,-,-,-,-
6/3/2026 15:34,NO_DATA,-,-,-,-
6/3/2026 15:34,NO_DATA,-,-,-,-
6/3/2026 15:35,NO_DATA,-,-,-,-
6/3/2026 15:35,NO_DATA,-,-,-,-
6/3/2026 15:36,NO_DATA,-,-,-,-
6/3/2026 15:36,NO_DATA,-,-,-,-
6/3/2026 15:37,NO_DATA,-,-,-,-
6/3/2026 15:37,NO_DATA,-,-,-,-
6/3/2026 15:38,NO_DATA,-,-,-,-
6/3/2026 15:38,NO_DATA,-,-,-,-
6/3/2026 15:39,NO_DATA,-,-,-,-
6/3/2026 15:39,NO_DATA,-,-,-,-
6/3/2026 15:40,NO_DATA,-,-,-,-
6/3/2026 15:40,NO_DATA,-,-,-,-
6/3/2026 15:41,NO_DATA,-,-,-,-
6/3/2026 15:41,NO_DATA,-,-,-,-
6/3/2026 15:42,75002c,AXM1726,3.7038,100.9669,10919.46
6/3/2026 15:42,7c8064,QFA209,3.501,101.5714,10355.58
6/3/2026 15:42,75002c,AXM1726,3.7478,100.9474,10629.9
6/3/2026 15:42,7c8064,QFA209,3.5791,101.5366,10363.2
6/3/2026 15:43,75002c,AXM1726,3.8526,100.9008,9837.42
6/3/2026 15:43,7c8064,QFA209,3.6601,101.5006,10355.58
6/3/2026 15:43,7c6bc1,N/A,3.8135,101.2082,11879.58
6/3/2026 15:43,75002c,AXM1726,3.9143,100.8732,9349.74
6/3/2026 15:43,7c8064,QFA209,3.7304,101.4693,10363.2
6/3/2026 15:44,76b86a,N/A,3.59,101.3229,10165.08
6/3/2026 15:44,7c6bc1,N/A,3.809,101.2104,11879.58
6/3/2026 15:44,75002c,AXM1726,3.977,100.8453,8724.9
6/3/2026 15:44,7c8064,QFA209,3.7676,101.4528,10363.2
6/3/2026 15:44,76b86a,TGW499,3.5518,101.3428,10309.86
6/3/2026 15:44,7c6bc1,N/A,3.7118,101.2594,11887.2
6/3/2026 15:44,75002c,AXM1726,3.993,100.8382,8587.74
6/3/2026 15:44,7c8064,QFA209,3.7676,101.4528,10363.2
6/3/2026 15:45,7c6bc1,JST18,3.6373,101.2984,11887.2
6/3/2026 15:45,75002c,AXM1726,3.993,100.8382,8587.74
6/3/2026 15:45,7c8064,QFA209,3.8788,101.4032,10363.2
6/3/2026 15:45,7c6bc1,JST18,3.5782,101.3293,11887.2
6/3/2026 15:45,75002c,AXM1726,3.993,100.8382,8587.74
6/3/2026 15:45,7c8064,QFA209,3.8788,101.4032,10363.2
6/3/2026 15:46,7c6bc1,JST18,3.5441,101.3472,11879.58
6/3/2026 15:46,75002c,AXM1726,3.993,100.8382,8587.74
6/3/2026 15:46,7c8064,QFA209,3.8788,101.4032,10363.2
6/3/2026 15:46,75002c,AXM1726,3.993,100.8382,8587.74
6/3/2026 15:46,7c8064,QFA209,3.8788,101.4032,10363.2
6/3/2026 15:47,75002c,AXM1726,3.993,100.8382,8587.74
6/3/2026 15:47,7c8064,QFA209,3.8788,101.4032,10363.2
6/3/2026 15:47,75002c,AXM1726,3.993,100.8382,8587.74
6/3/2026 15:47,7c8064,QFA209,3.8788,101.4032,10363.2
6/3/2026 15:48,75002c,AXM1726,3.993,100.8382,8587.74
6/3/2026 15:48,7c8064,QFA209,3.8788,101.4032,10363.2
6/3/2026 15:48,8013ed,AIC2383,3.539,101.7218,9845.04
6/3/2026 15:48,75002c,AXM1726,3.993,100.8382,8587.74
6/3/2026 15:48,7c8064,QFA209,3.8788,101.4032,10363.2
6/3/2026 15:48,8013ed,AIC2383,3.588,101.6733,9944.1
6/3/2026 15:49,75002c,AXM1726,3.993,100.8382,8587.74
6/3/2026 15:49,7c8064,QFA209,3.8788,101.4032,10363.2
6/3/2026 15:49,8013ed,AIC2383,3.6461,101.6156,10066.02
6/3/2026 15:49,7c8064,QFA209,3.8788,101.4032,10363.2
6/3/2026 15:49,8013ed,AIC2383,3.6888,101.5732,10157.46
6/3/2026 15:50,8013ed,AIC2383,3.7394,101.523,10218.42
6/3/2026 15:50,8013ed,AIC2383,3.7836,101.4802,10279.38
6/3/2026 15:51,8013ed,AIC2383,3.8451,101.4316,10363.2
6/3/2026 15:51,8013ed,AIC2383,3.8872,101.4046,10363.2
6/3/2026 15:52,8013ed,AIC2383,3.9499,101.3723,10363.2
6/3/2026 15:52,8013ed,AIC2383,3.9892,101.3548,10363.2
6/3/2026 15:53,8013ed,AIC2383,3.9892,101.3548,10363.2
6/3/2026 15:53,8013ed,AIC2383,3.9892,101.3548,10363.2
6/3/2026 15:54,8013ed,AIC2383,3.9892,101.3548,10363.2
6/3/2026 15:54,8013ed,AIC2383,3.9892,101.3548,10363.2
6/3/2026 15:55,750208,MAS1194,3.5092,101.1274,6614.16
6/3/2026 15:55,8013ed,AIC2383,3.9892,101.3548,10363.2
6/3/2026 15:56,750208,MAS1194,3.5574,101.0982,6705.6
6/3/2026 15:56,8013ed,AIC2383,3.9892,101.3548,10363.2
6/3/2026 15:56,750208,MAS1194,3.6148,101.0634,6705.6
6/3/2026 15:56,8013ed,AIC2383,3.9892,101.3548,10363.2
6/3/2026 15:57,750208,MAS1194,3.6464,101.0441,6705.6
6/3/2026 15:57,8013ed,AIC2383,3.9892,101.3548,10363.2
6/3/2026 15:57,750208,MAS1194,3.6839,101.0216,6705.6
6/3/2026 15:57,8013ed,AIC2383,3.9892,101.3548,10363.2
6/3/2026 15:58,750208,MAS1194,3.764,100.973,6705.6
6/3/2026 15:58,750208,MAS1194,3.8113,100.9444,6705.6
6/3/2026 15:58,407992,BAW16,3.5028,101.0584,9144
6/3/2026 15:59,750208,MAS1194,3.8462,100.9233,6705.6
6/3/2026 15:59,407992,BAW16,3.5532,101.0374,9144
6/3/2026 15:59,7808d1,CXA823,3.6403,101.8846,7132.32
6/3/2026 15:59,750208,MAS1194,3.8901,100.897,6705.6
6/3/2026 15:59,407992,BAW16,3.6075,101.0257,9144
6/3/2026 15:59,406d78,BAW34,3.5224,101.0875,5158.74
6/3/2026 15:59,7808d1,CXA823,3.5588,101.8556,6865.62
6/3/2026 16:00,750208,MAS1194,3.9557,100.857,6705.6
6/3/2026 16:00,407992,BAW16,3.711,101.0291,9144
6/3/2026 16:00,406d78,BAW34,3.5782,101.0479,5379.72
6/3/2026 16:00,750208,MAS1194,3.9986,100.831,6705.6
6/3/2026 16:00,407992,BAW16,3.7782,101.0341,9144
6/3/2026 16:00,406d78,BAW34,3.5904,101.0391,5425.44
6/3/2026 16:01,750208,MAS1194,3.9986,100.831,6705.6
6/3/2026 16:01,407992,BAW16,3.7782,101.0341,9144
6/3/2026 16:01,406d78,BAW34,3.5904,101.0391,5425.44
6/3/2026 16:01,750208,MAS1194,3.9986,100.831,6705.6
6/3/2026 16:01,407992,BAW16,3.7782,101.0341,9144
6/3/2026 16:01,406d78,BAW34,3.7406,100.9505,5943.6
6/3/2026 16:02,750208,MAS1194,3.9986,100.831,6705.6
6/3/2026 16:02,407992,BAW16,3.7782,101.0341,9144
6/3/2026 16:02,406d78,BAW34,3.7776,100.934,6065.52
6/3/2026 16:02,750208,MAS1194,3.9986,100.831,6705.6
6/3/2026 16:02,407992,BAW16,3.7782,101.0341,9144
6/3/2026 16:02,406d78,BAW34,3.8734,100.8913,6370.32
6/3/2026 16:03,750208,MAS1194,3.9986,100.831,6705.6
6/3/2026 16:03,407992,BAW16,3.7782,101.0341,9144
6/3/2026 16:03,406d78,BAW34,3.9245,100.8684,6492.24
6/3/2026 16:03,750208,MAS1194,3.9986,100.831,6705.6
6/3/2026 16:03,407992,BAW16,3.7782,101.0341,9144
6/3/2026 16:03,406d78,BAW34,3.9902,100.8394,6667.5
6/3/2026 16:04,750208,MAS1194,3.9986,100.831,6705.6
6/3/2026 16:04,407992,BAW16,3.7782,101.0341,9144
6/3/2026 16:04,406d78,BAW34,3.9929,100.8382,6675.12
6/3/2026 16:04,750208,MAS1194,3.9986,100.831,6705.6
6/3/2026 16:04,407992,BAW16,3.7782,101.0341,9144
6/3/2026 16:04,406d78,BAW34,3.9929,100.8382,6675.12
6/3/2026 16:05,750208,MAS1194,3.9986,100.831,6705.6
6/3/2026 16:05,407992,BAW16,3.7782,101.0341,9144
6/3/2026 16:05,406d78,BAW34,3.9929,100.8382,6675.12
6/3/2026 16:05,407992,BAW16,3.7782,101.0341,9144
6/3/2026 16:05,406d78,BAW34,3.9929,100.8382,6675.12
6/3/2026 16:06,406d78,BAW34,3.9929,100.8382,6675.12
6/3/2026 16:06,406d78,BAW34,3.9929,100.8382,6675.12
6/3/2026 16:07,406d78,BAW34,3.9929,100.8382,6675.12
6/3/2026 16:07,406d78,BAW34,3.9929,100.8382,6675.12
6/3/2026 16:08,406d78,BAW34,3.9929,100.8382,6675.12
6/3/2026 16:08,406d78,BAW34,3.9929,100.8382,6675.12
6/3/2026 16:09,NO_DATA,-,-,-,-
6/3/2026 16:09,NO_DATA,-,-,-,-
6/3/2026 16:10,NO_DATA,-,-,-,-
6/3/2026 16:10,750449,MAS2,3.6801,101.4163,5280.66
6/3/2026 16:11,750449,MAS2,3.6801,101.4163,5280.66
6/3/2026 16:11,7820bf,CSN5079,3.752,101.9685,7780.02
6/3/2026 16:11,750449,MAS2,3.6801,101.4163,5280.66
6/3/2026 16:12,7820bf,CSN5079,3.752,101.9685,7780.02
6/3/2026 16:12,750449,MAS2,3.6801,101.4163,5280.66
6/3/2026 16:12,7820bf,CSN5079,3.6436,101.8876,7399.02
6/3/2026 16:12,750449,MAS2,3.6801,101.4163,5280.66
6/3/2026 16:13,7820bf,CSN5079,3.6237,101.8809,7353.3
6/3/2026 16:13,750449,MAS2,3.6801,101.4163,5280.66
6/3/2026 16:13,7820bf,CSN5079,3.5212,101.846,7086.6
6/3/2026 16:13,750449,MAS2,3.6801,101.4163,5280.66
6/3/2026 16:13,406a35,BAW12,3.5721,101.493,9144
6/3/2026 16:14,750449,MAS2,3.6801,101.4163,5280.66
6/3/2026 16:14,406a35,BAW12,3.6485,101.4626,9144
6/3/2026 16:15,750449,MAS2,3.6801,101.4163,5280.66
6/3/2026 16:15,406a35,BAW12,3.6997,101.4422,9144
6/3/2026 16:15,750449,MAS2,3.6801,101.4163,5280.66
6/3/2026 16:15,406a35,BAW12,3.7766,101.4116,9144
6/3/2026 16:16,750449,MAS2,3.6801,101.4163,5280.66
6/3/2026 16:16,406a35,BAW12,3.8147,101.3965,9144
6/3/2026 16:16,406a35,BAW12,3.8147,101.3965,9144
6/3/2026 16:17,406a35,BAW12,3.8147,101.3965,9144
6/3/2026 16:17,406a35,BAW12,3.8147,101.3965,9144
6/3/2026 16:18,406a35,BAW12,3.8147,101.3965,9144
6/3/2026 16:18,406a35,BAW12,3.8147,101.3965,9144
6/3/2026 16:19,406a35,BAW12,3.8147,101.3965,9144
6/3/2026 16:19,406a35,BAW12,3.8147,101.3965,9144
6/3/2026 16:20,76cd79,SIA322,3.5143,101.5657,9585.96
6/3/2026 16:20,406a35,BAW12,3.8147,101.3965,9144
6/3/2026 16:20,76cd79,SIA322,3.6065,101.5243,9662.16
6/3/2026 16:20,781508,CSN8071,3.5702,101.9782,6842.76
6/3/2026 16:20,406a35,BAW12,3.8147,101.3965,9144
6/3/2026 16:21,76cd79,SIA322,3.6592,101.5009,9685.02
6/3/2026 16:21,781508,CSN8071,3.5201,101.9712,6598.92
6/3/2026 16:21,76cd79,SIA322,3.7468,101.462,9730.74
6/3/2026 16:22,76cd79,SIA322,3.78,101.4472,9761.22
6/3/2026 16:22,76cd79,SIA322,3.8085,101.4345,9799.32
6/3/2026 16:23,76cd79,SIA322,3.8085,101.4345,9799.32
6/3/2026 16:23,76cd79,SIA322,3.8085,101.4345,9799.32
6/3/2026 16:23,75044e,MAS20,3.6236,101.4388,5036.82
6/3/2026 16:24,76cd79,SIA322,3.8085,101.4345,9799.32
6/3/2026 16:24,75044e,MAS20,3.6356,101.4377,5082.54
6/3/2026 16:24,76cd79,SIA322,3.8085,101.4345,9799.32
6/3/2026 16:24,75044e,MAS20,3.6356,101.4377,5082.54
6/3/2026 16:25,76cd79,SIA322,3.8085,101.4345,9799.32
6/3/2026 16:25,75044e,MAS20,3.6356,101.4377,5082.54
6/3/2026 16:25,76cd79,SIA322,3.8085,101.4345,9799.32
6/3/2026 16:25,75044e,MAS20,3.6356,101.4377,5082.54
6/3/2026 16:26,76cd79,SIA322,3.8085,101.4345,9799.32
6/3/2026 16:26,75044e,MAS20,3.6356,101.4377,5082.54
6/3/2026 16:26,76cd79,SIA322,3.8085,101.4345,9799.32
6/3/2026 16:26,75044e,MAS20,3.6356,101.4377,5082.54
6/3/2026 16:27,76cd79,SIA322,3.8085,101.4345,9799.32
6/3/2026 16:27,75044e,MAS20,3.6356,101.4377,5082.54
6/3/2026 16:27,75044e,MAS20,3.6356,101.4377,5082.54
6/3/2026 16:28,75044e,MAS20,3.6356,101.4377,5082.54
6/3/2026 16:28,75044e,MAS20,3.6356,101.4377,5082.54
6/3/2026 16:29,NO_DATA,-,-,-,-
6/3/2026 16:29,NO_DATA,-,-,-,-
6/3/2026 16:30,NO_DATA,-,-,-,-
6/3/2026 16:30,NO_DATA,-,-,-,-
6/3/2026 16:31,NO_DATA,-,-,-,-
6/3/2026 16:31,NO_DATA,-,-,-,-
6/3/2026 16:32,76cda9,SIA356,3.7464,101.9811,9144
6/3/2026 16:32,76cda9,SIA356,3.7534,101.9762,9144
6/3/2026 16:33,76cda9,SIA356,3.7534,101.9762,9144
6/3/2026 16:33,76cda9,SIA356,3.7534,101.9762,9144
6/3/2026 16:34,76cda9,SIA356,3.7534,101.9762,9144
6/3/2026 16:35,76cda9,SIA356,4.0305,101.7857,9144
6/3/2026 16:35,76cda9,SIA356,4.0392,101.7798,9144
6/3/2026 16:36,76cda9,SIA356,4.1122,101.7296,9144
6/3/2026 16:36,76cda9,SIA356,4.145,101.707,9144
6/3/2026 16:37,76cda9,SIA356,4.145,101.707,9144
6/3/2026 16:37,76cda9,SIA356,4.145,101.707,9144
6/3/2026 16:38,76cda9,SIA356,4.145,101.707,9144
6/3/2026 16:38,76cda9,SIA356,4.145,101.707,9144
6/3/2026 16:39,76cda9,SIA356,4.145,101.707,9144
6/3/2026 16:39,76cda9,SIA356,4.145,101.707,9144
6/3/2026 16:40,70c106,OMA824,3.5823,99.9589,7917.18
6/3/2026 16:40,76cda9,SIA356,4.145,101.707,9144
6/3/2026 16:40,70c106,OMA824,3.6185,99.8928,8061.96
6/3/2026 16:40,76cda9,SIA356,4.145,101.707,9144
6/3/2026 16:41,70c106,OMA824,3.6408,99.8521,8115.3
6/3/2026 16:41,780d2e,CSH861,3.6831,101.9978,7200.9
6/3/2026 16:41,76cda9,SIA356,4.145,101.707,9144
6/3/2026 16:41,70c106,OMA824,3.6408,99.8521,8115.3
6/3/2026 16:41,780d2e,CSH861,3.6831,101.9978,7200.9
6/3/2026 16:42,70c106,OMA824,3.7208,99.7059,8359.14
6/3/2026 16:42,780d2e,CSH861,3.6009,101.8759,6560.82
6/3/2026 16:42,70c106,OMA824,3.7331,99.6836,8435.34
6/3/2026 16:42,780d2e,CSH861,3.5508,101.8741,6286.5
6/3/2026 16:43,70c106,OMA824,3.7681,99.6197,8564.88
6/3/2026 16:43,780d2e,CSH861,3.5222,101.8767,6134.1
6/3/2026 16:43,70c106,OMA824,3.8024,99.557,8694.42
6/3/2026 16:44,70c106,OMA824,3.8024,99.557,8694.42
6/3/2026 16:44,70c106,OMA824,3.8024,99.557,8694.42
6/3/2026 16:44,780998,CSN8025,3.8602,101.9941,7650.48
6/3/2026 16:45,70c106,OMA824,3.8024,99.557,8694.42
6/3/2026 16:45,780998,CSN8025,3.8602,101.9941,7650.48
6/3/2026 16:45,70c106,OMA824,3.8024,99.557,8694.42
6/3/2026 16:45,780998,CSN8025,3.7164,101.9191,7025.64
6/3/2026 16:46,70c106,OMA824,3.8024,99.557,8694.42
6/3/2026 16:46,780998,CSN8025,3.7164,101.9191,7025.64
6/3/2026 16:46,7c4920,QFA1,3.5867,101.9942,8229.6
6/3/2026 16:46,70c106,OMA824,3.8024,99.557,8694.42
6/3/2026 16:46,780998,CSN8025,3.6121,101.8761,6675.12
6/3/2026 16:47,7c4920,QFA1,3.6322,101.9452,8298.18
6/3/2026 16:47,70c106,OMA824,3.8024,99.557,8694.42
6/3/2026 16:47,780998,CSN8025,3.5884,101.8704,6591.3
6/3/2026 16:47,7c4920,QFA1,3.6997,101.8656,8374.38
6/3/2026 16:47,70c106,OMA824,3.8024,99.557,8694.42
6/3/2026 16:48,7c4920,QFA1,3.7503,101.8071,8442.96
6/3/2026 16:48,70c106,OMA824,3.8024,99.557,8694.42
6/3/2026 16:48,7c4920,QFA1,3.8007,101.7487,8488.68
6/3/2026 16:49,7c4920,QFA1,3.8216,101.7244,8511.54
6/3/2026 16:49,7c4920,QFA1,3.8863,101.6491,8595.36
6/3/2026 16:50,7c4920,QFA1,3.9235,101.6058,8633.46
6/3/2026 16:50,7c4920,QFA1,3.9411,101.5854,8656.32
6/3/2026 16:51,7c4920,QFA1,3.9411,101.5854,8656.32
6/3/2026 16:51,7c4920,QFA1,3.9411,101.5854,8656.32
6/3/2026 16:52,7c4920,QFA1,3.9411,101.5854,8656.32
6/3/2026 16:52,0101da,N/A,3.7257,99.4076,10668
6/3/2026 16:52,7c4920,QFA1,3.9411,101.5854,8656.32
6/3/2026 16:52,0101da,FAD9102,3.7027,99.4702,10660.38
6/3/2026 16:53,7c4920,QFA1,3.9411,101.5854,8656.32
6/3/2026 16:53,0101da,FAD9102,3.6756,99.5439,10668
6/3/2026 16:53,3c6708,DLH769,3.5442,101.3279,9761.22
6/3/2026 16:53,7c4920,QFA1,3.9411,101.5854,8656.32
6/3/2026 16:53,0101da,FAD9102,3.6658,99.5706,10668
6/3/2026 16:54,3c6708,DLH769,3.5898,101.2843,9822.18
6/3/2026 16:54,7c4920,QFA1,3.9411,101.5854,8656.32
6/3/2026 16:54,0101da,FAD9102,3.6658,99.5706,10668
6/3/2026 16:55,3c6708,DLH769,3.6412,101.2352,9898.38
6/3/2026 16:55,7c4920,QFA1,3.9411,101.5854,8656.32
6/3/2026 16:55,0101da,FAD9102,3.6658,99.5706,10668
6/3/2026 16:55,3c6708,DLH769,3.6895,101.189,10012.68
6/3/2026 16:55,7c4920,QFA1,3.9411,101.5854,8656.32
6/3/2026 16:55,0101da,FAD9102,3.6068,99.7305,10660.38
6/3/2026 16:56,3c6708,DLH769,3.6895,101.189,10012.68
6/3/2026 16:56,0101da,FAD9102,3.6068,99.7305,10660.38
6/3/2026 16:56,3c6708,DLH769,3.6895,101.189,10012.68
6/3/2026 16:56,0101da,FAD9102,3.5417,99.9072,10668
6/3/2026 16:57,3c6708,DLH769,3.8317,101.0529,10226.04
6/3/2026 16:57,0101da,FAD9102,3.5166,99.9753,10660.38
6/3/2026 16:57,3c6708,DLH769,3.8317,101.0529,10226.04
6/3/2026 16:58,3c6708,DLH769,3.8317,101.0529,10226.04
6/3/2026 16:58,7502cd,XAX504,3.5029,101.9158,5554.98
6/3/2026 16:58,3c6708,DLH769,3.8317,101.0529,10226.04
6/3/2026 16:58,7502cd,XAX504,3.5159,101.9245,5608.32
6/3/2026 16:59,3c6708,DLH769,3.8317,101.0529,10226.04
6/3/2026 16:59,7502cd,XAX504,3.5159,101.9245,5608.32
6/3/2026 16:59,3c6708,DLH769,3.8317,101.0529,10226.04
6/3/2026 16:59,7502cd,XAX504,3.5159,101.9245,5608.32
6/3/2026 16:59,76cdaf,SIA324,3.5141,101.7421,9563.1
6/3/2026 17:00,3c6708,DLH769,3.8317,101.0529,10226.04
6/3/2026 17:00,7502cd,XAX504,3.5159,101.9245,5608.32
6/3/2026 17:00,76cdaf,SIA324,3.5472,101.7069,9593.58
6/3/2026 17:00,3c6708,DLH769,3.8317,101.0529,10226.04
6/3/2026 17:00,7502cd,XAX504,3.5159,101.9245,5608.32
6/3/2026 17:00,76cdaf,SIA324,3.6119,101.6379,9639.3
6/3/2026 17:01,3c6708,DLH769,3.8317,101.0529,10226.04
6/3/2026 17:01,7502cd,XAX504,3.5159,101.9245,5608.32
6/3/2026 17:01,76cdaf,SIA324,3.6376,101.6106,9677.4
6/3/2026 17:01,3c6708,DLH769,3.8317,101.0529,10226.04
6/3/2026 17:01,7502cd,XAX504,3.5159,101.9245,5608.32
6/3/2026 17:01,76cdaf,SIA324,3.6998,101.5443,9799.32
6/3/2026 17:02,7502cd,XAX504,3.5159,101.9245,5608.32
6/3/2026 17:02,76cdaf,SIA324,3.7422,101.4991,9822.18
6/3/2026 17:02,76cdaf,SIA324,3.7982,101.4394,9875.52
6/3/2026 17:03,3c4ada,DLH781,3.5686,101.5412,9144
6/3/2026 17:03,76cdaf,SIA324,3.8105,101.4262,9883.14
6/3/2026 17:03,3c4ada,DLH781,3.6189,101.5188,9144
6/3/2026 17:03,76cdaf,SIA324,3.9015,101.3292,10050.78
6/3/2026 17:03,71bf10,KAL428,3.5074,101.9273,5737.86
6/3/2026 17:04,3c4ada,DLH781,3.6888,101.4878,9144
6/3/2026 17:04,76cdaf,SIA324,3.9145,101.3153,10081.26
6/3/2026 17:04,71bf10,KAL428,3.5074,101.9273,5737.86
6/3/2026 17:04,3c4ada,DLH781,3.7619,101.4553,9144
6/3/2026 17:04,76cdaf,SIA324,3.9145,101.3153,10081.26
6/3/2026 17:04,71bf10,KAL428,3.5074,101.9273,5737.86
6/3/2026 17:05,3c4ada,DLH781,3.7766,101.4487,9144
6/3/2026 17:05,76cdaf,SIA324,3.9145,101.3153,10081.26
6/3/2026 17:05,71bf10,KAL428,3.5074,101.9273,5737.86
6/3/2026 17:05,3c4ada,DLH781,3.7766,101.4487,9144
6/3/2026 17:05,76cdaf,SIA324,3.9145,101.3153,10081.26
6/3/2026 17:05,71bf10,KAL428,3.5074,101.9273,5737.86
6/3/2026 17:06,3c4ada,DLH781,3.7766,101.4487,9144
6/3/2026 17:06,76cdaf,SIA324,3.9145,101.3153,10081.26
6/3/2026 17:06,71bf10,KAL428,3.5074,101.9273,5737.86
6/3/2026 17:06,3c4ada,DLH781,3.7766,101.4487,9144
6/3/2026 17:06,76cdaf,SIA324,3.9145,101.3153,10081.26
6/3/2026 17:06,71bf10,KAL428,3.5074,101.9273,5737.86
6/3/2026 17:07,3c4ada,DLH781,3.7766,101.4487,9144
6/3/2026 17:07,76cdaf,SIA324,3.9145,101.3153,10081.26
6/3/2026 17:07,71bf10,KAL428,3.5074,101.9273,5737.86
6/3/2026 17:07,3c4ada,DLH781,3.7766,101.4487,9144
6/3/2026 17:07,76cdaf,SIA324,3.9145,101.3153,10081.26
6/3/2026 17:07,71bf10,KAL428,3.5074,101.9273,5737.86
6/3/2026 17:08,3c4ada,DLH781,3.7766,101.4487,9144
6/3/2026 17:08,76cdaf,SIA324,3.9145,101.3153,10081.26
6/3/2026 17:08,7819dd,CES2970,3.5011,101.9567,6713.22
6/3/2026 17:08,71bf10,KAL428,3.5074,101.9273,5737.86
6/3/2026 17:08,3c4ada,DLH781,3.7766,101.4487,9144
6/3/2026 17:08,76cdaf,SIA324,3.9145,101.3153,10081.26
6/3/2026 17:08,7819dd,CES2970,3.5177,101.9673,6781.8
6/3/2026 17:08,71bf10,KAL428,3.5074,101.9273,5737.86
6/3/2026 17:09,3c4ada,DLH781,3.7766,101.4487,9144
6/3/2026 17:09,71bf10,KAL428,3.5074,101.9273,5737.86
6/3/2026 17:09,3c4ada,DLH781,3.7766,101.4487,9144
6/3/2026 17:09,71bf10,KAL428,3.5074,101.9273,5737.86
6/3/2026 17:10,71bf10,KAL428,3.5074,101.9273,5737.86
6/3/2026 17:10,4b1918,SWR177,3.5076,101.5683,9144
6/3/2026 17:10,71bf10,KAL428,3.5074,101.9273,5737.86
6/3/2026 17:10,4b1918,SWR177,3.5461,101.5512,9144
6/3/2026 17:11,71bf10,KAL428,3.5074,101.9273,5737.86
6/3/2026 17:11,4b1918,SWR177,3.5863,101.5333,9144
6/3/2026 17:11,71bf10,KAL428,3.5074,101.9273,5737.86
6/3/2026 17:11,4b1918,SWR177,3.6858,101.489,9144
6/3/2026 17:12,71bf10,KAL428,3.5074,101.9273,5737.86
6/3/2026 17:12,4b1918,SWR177,3.769,101.452,9144
6/3/2026 17:12,71bf10,KAL428,3.5074,101.9273,5737.86
6/3/2026 17:12,4b1918,SWR177,3.7862,101.4443,9144
6/3/2026 17:13,4b1918,SWR177,3.7862,101.4443,9144
6/3/2026 17:13,4b1918,SWR177,3.7862,101.4443,9144
6/3/2026 17:14,4b1918,SWR177,3.7862,101.4443,9144
6/3/2026 17:15,4b1918,SWR177,3.7862,101.4443,9144
6/3/2026 17:15,4b1918,SWR177,3.7862,101.4443,9144
6/3/2026 17:16,4b1918,SWR177,3.7862,101.4443,9144
6/3/2026 17:16,4b1918,SWR177,3.7862,101.4443,9144
6/3/2026 17:17,4b1918,SWR177,3.7862,101.4443,9144
6/3/2026 17:17,4b1918,SWR177,3.7862,101.4443,9144
6/3/2026 17:18,NO_DATA,-,-,-,-
6/3/2026 17:18,NO_DATA,-,-,-,-
6/3/2026 17:19,NO_DATA,-,-,-,-
6/3/2026 17:19,80044c,AXB681,3.5044,100.0059,10972.8
6/3/2026 17:19,4bb0e7,THY39V,3.557,101.1861,5334
6/3/2026 17:20,80044c,AXB681,3.5044,100.0059,10972.8
6/3/2026 17:20,4bb0e7,THY39V,3.5965,101.1717,5463.54
6/3/2026 17:20,76cda3,SIA312,3.5232,101.3829,9669.78
6/3/2026 17:20,80044c,AXB681,3.5044,100.0059,10972.8
6/3/2026 17:20,4bb0e7,THY39V,3.6544,101.1504,5661.66
6/3/2026 17:20,76cda3,SIA312,3.6059,101.3029,9723.12
6/3/2026 17:21,80044c,AXB681,3.5044,100.0059,10972.8
6/3/2026 17:21,4bb0e7,THY39V,3.6544,101.1504,5661.66
6/3/2026 17:21,76cda3,SIA312,3.6474,101.2629,9768.84
6/3/2026 17:21,80044c,AXB681,3.5044,100.0059,10972.8
6/3/2026 17:21,4bb0e7,THY39V,3.6544,101.1504,5661.66
6/3/2026 17:21,76cda3,SIA312,3.6784,101.233,9806.94
6/3/2026 17:22,80044c,AXB681,3.5044,100.0059,10972.8
6/3/2026 17:22,4bb0e7,THY39V,3.6544,101.1504,5661.66
6/3/2026 17:22,76cda3,SIA312,3.6784,101.233,9806.94
6/3/2026 17:22,80044c,AXB681,3.5044,100.0059,10972.8
6/3/2026 17:22,4bb0e7,THY39V,3.6544,101.1504,5661.66
6/3/2026 17:22,76cda3,SIA312,3.6784,101.233,9806.94
6/3/2026 17:23,80044c,AXB681,3.5044,100.0059,10972.8
6/3/2026 17:23,4bb0e7,THY39V,3.6544,101.1504,5661.66
6/3/2026 17:23,76cda3,SIA312,3.6784,101.233,9806.94
6/3/2026 17:23,80044c,AXB681,3.6899,99.4993,10972.8
6/3/2026 17:23,4bb0e7,THY39V,3.6544,101.1504,5661.66
6/3/2026 17:23,76cda3,SIA312,3.6784,101.233,9806.94
6/3/2026 17:23,7503c8,N/A,3.5391,101.9203,6256.02
6/3/2026 17:24,80044c,AXB681,3.6899,99.4993,10972.8
6/3/2026 17:24,4bb0e7,THY39V,3.6544,101.1504,5661.66
6/3/2026 17:24,76cda3,SIA312,3.6784,101.233,9806.94
6/3/2026 17:24,7503c8,N/A,3.531,101.9204,6233.16
6/3/2026 17:24,80044c,AXB681,3.6899,99.4993,10972.8
6/3/2026 17:24,4bb0e7,THY39V,3.6544,101.1504,5661.66
6/3/2026 17:24,76cda3,SIA312,3.6784,101.233,9806.94
6/3/2026 17:25,80044c,AXB681,3.6899,99.4993,10972.8
6/3/2026 17:25,4bb0e7,THY39V,3.6544,101.1504,5661.66
6/3/2026 17:25,76cda3,SIA312,3.6784,101.233,9806.94
6/3/2026 17:25,80044c,AXB681,3.6899,99.4993,10972.8
6/3/2026 17:25,76cda3,SIA312,3.6784,101.233,9806.94
6/3/2026 17:25,7.50E+11,KXP109,3.555,101.8569,7200.9
6/3/2026 17:26,80044c,AXB681,3.6899,99.4993,10972.8
6/3/2026 17:26,76cda3,SIA312,3.6784,101.233,9806.94
6/3/2026 17:26,7504b1,N/A,3.7972,101.9002,7261.86
6/3/2026 17:26,80044c,AXB681,3.6899,99.4993,10972.8
6/3/2026 17:26,800732,AIC309,4.3734,101.9129,12184.38
6/3/2026 17:26,7504b1,AXM187,3.7972,101.9002,7261.86
6/3/2026 17:27,80044c,AXB681,3.6899,99.4993,10972.8
6/3/2026 17:27,800732,AIC309,4.3734,101.9129,12184.38
6/3/2026 17:27,7504b1,AXM187,3.6833,101.8963,6758.94
6/3/2026 17:27,80044c,AXB681,3.6899,99.4993,10972.8
6/3/2026 17:27,800732,AIC309,4.3734,101.9129,12184.38
6/3/2026 17:27,76cdae,SIA352,3.544,101.3433,9144
6/3/2026 17:27,7504b1,AXM187,3.6472,101.8875,6644.64
6/3/2026 17:28,80044c,AXB681,3.6899,99.4993,10972.8
6/3/2026 17:28,800732,AIC309,4.3734,101.9129,12184.38
6/3/2026 17:28,76cdae,SIA352,3.6053,101.2844,9144
6/3/2026 17:28,7504b1,AXM187,3.5805,101.8655,6515.1
6/3/2026 17:28,800732,AIC309,4.3734,101.9129,12184.38
6/3/2026 17:28,76cdae,SIA352,3.6053,101.2844,9144
6/3/2026 17:28,7504b1,AXM187,3.5325,101.8494,6416.04
6/3/2026 17:29,800732,AIC309,4.3734,101.9129,12184.38
6/3/2026 17:29,76cdae,SIA352,3.6053,101.2844,9144
6/3/2026 17:29,800732,AIC309,4.3734,101.9129,12184.38
6/3/2026 17:29,76cdae,SIA352,3.6053,101.2844,9144
6/3/2026 17:30,800732,AIC309,4.3734,101.9129,12184.38
6/3/2026 17:30,76cdae,SIA352,3.6053,101.2844,9144
6/3/2026 17:31,800732,AIC309,4.3734,101.9129,12184.38
6/3/2026 17:31,76cdae,SIA352,3.6053,101.2844,9144
6/3/2026 17:31,800732,AIC309,4.3734,101.9129,12184.38
6/3/2026 17:31,76cdae,SIA352,3.6053,101.2844,9144
6/3/2026 17:32,800732,AIC309,4.3734,101.9129,12184.38
6/3/2026 17:32,76cdae,SIA352,3.6053,101.2844,9144
6/3/2026 17:32,76cdae,SIA352,3.6053,101.2844,9144
6/3/2026 17:33,76cdae,SIA352,3.6053,101.2844,9144
6/3/2026 17:33,76cdae,SIA352,3.6053,101.2844,9144
6/3/2026 17:34,80073f,AIC301,3.6645,101.9661,12192
6/3/2026 17:34,80073f,AIC301,3.7262,101.907,12192
6/3/2026 17:35,80073f,AIC301,3.7528,101.8814,12192
6/3/2026 17:35,80073f,AIC301,3.8182,101.8187,12192
6/3/2026 17:36,80073f,AIC301,3.8741,101.7652,12192
6/3/2026 17:36,80073f,AIC301,3.9238,101.7175,12184.38
6/3/2026 17:37,80073f,AIC301,3.9529,101.6897,12192
6/3/2026 17:37,80073f,AIC301,4.0223,101.6232,12192
6/3/2026 17:38,80073f,AIC301,4.0575,101.5895,12192
6/3/2026 17:38,80073f,AIC301,4.1328,101.5171,12184.38
6/3/2026 17:39,80073f,AIC301,4.1793,101.4725,12192
6/3/2026 17:39,80073f,AIC301,4.22,101.4335,12192
6/3/2026 17:40,80073f,AIC301,4.2757,101.38,12192
6/3/2026 17:40,80073f,AIC301,4.2957,101.3609,12192
6/3/2026 17:40,8963ee,UAE8Y,3.5767,100.7977,6477
6/3/2026 17:41,80073f,AIC301,4.2957,101.3609,12192
6/3/2026 17:41,8963ee,UAE8Y,3.5805,100.7927,6499.86
6/3/2026 17:41,80073f,AIC301,4.2957,101.3609,12192
6/3/2026 17:41,8963ee,UAE8Y,3.5805,100.7927,6499.86
6/3/2026 17:42,80073f,AIC301,4.2957,101.3609,12192
6/3/2026 17:42,8963ee,UAE8Y,3.5805,100.7927,6499.86
6/3/2026 17:42,80073f,AIC301,4.2957,101.3609,12192
6/3/2026 17:42,8963ee,UAE8Y,3.5805,100.7927,6499.86
6/3/2026 17:43,80073f,AIC301,4.2957,101.3609,12192
6/3/2026 17:43,8963ee,UAE8Y,3.5805,100.7927,6499.86
6/3/2026 17:43,80073f,AIC301,4.2957,101.3609,12192
6/3/2026 17:43,8963ee,UAE8Y,3.5805,100.7927,6499.86
6/3/2026 17:44,80073f,AIC301,4.2957,101.3609,12192
6/3/2026 17:44,8963ee,UAE8Y,3.5805,100.7927,6499.86
6/3/2026 17:45,80073f,AIC301,4.2957,101.3609,12192
6/3/2026 17:45,8963ee,UAE8Y,3.5805,100.7927,6499.86
6/3/2026 17:45,80073f,AIC301,4.2957,101.3609,12192
6/3/2026 17:45,8963ee,UAE8Y,3.5805,100.7927,6499.86
6/3/2026 17:46,8963ee,UAE8Y,3.5805,100.7927,6499.86
6/3/2026 17:46,NO_DATA,-,-,-,-
6/3/2026 17:47,NO_DATA,-,-,-,-
6/3/2026 17:47,NO_DATA,-,-,-,-
6/3/2026 17:48,NO_DATA,-,-,-,-
6/3/2026 17:48,NO_DATA,-,-,-,-
6/3/2026 17:49,NO_DATA,-,-,-,-
6/3/2026 17:49,NO_DATA,-,-,-,-
6/3/2026 17:50,NO_DATA,-,-,-,-
6/3/2026 17:50,NO_DATA,-,-,-,-
6/3/2026 17:51,NO_DATA,-,-,-,-
6/3/2026 17:51,NO_DATA,-,-,-,-
6/3/2026 17:52,NO_DATA,-,-,-,-
6/3/2026 17:52,781233,CES859,3.5309,101.9656,7071.36
6/3/2026 17:53,NO_DATA,-,-,-,-
6/3/2026 17:53,8960f0,UAE7Q,3.5509,100.7262,5836.92
6/3/2026 17:54,8960f0,UAE7Q,3.5595,100.7154,5875.02
6/3/2026 17:54,8960f0,UAE7Q,3.621,100.6379,6126.48
6/3/2026 17:54,7.50E+11,XAX332,3.5107,101.9023,5829.3
6/3/2026 17:55,8960f0,UAE7Q,3.6698,100.5764,6339.84
6/3/2026 17:55,7.50E+11,XAX332,3.5286,101.9145,5913.12
6/3/2026 17:55,8960f0,UAE7Q,3.6698,100.5764,6339.84
6/3/2026 17:55,7.50E+11,XAX332,3.5286,101.9145,5913.12
6/3/2026 17:56,8960f0,UAE7Q,3.6698,100.5764,6339.84
6/3/2026 17:56,7.50E+11,XAX332,3.5286,101.9145,5913.12
6/3/2026 17:56,80152e,N/A,3.7915,99.5768,11269.98
6/3/2026 17:56,8960f0,UAE7Q,3.6698,100.5764,6339.84
6/3/2026 17:56,7.50E+11,XAX332,3.5286,101.9145,5913.12
6/3/2026 17:56,80152e,N/A,3.7565,99.6409,11269.98
6/3/2026 17:57,8960f0,UAE7Q,3.6698,100.5764,6339.84
6/3/2026 17:57,7.50E+11,XAX332,3.5286,101.9145,5913.12
6/3/2026 17:57,80152e,IGO1001,3.7354,99.6795,11277.6
6/3/2026 17:57,8960f0,UAE7Q,3.6698,100.5764,6339.84
6/3/2026 17:57,7.50E+11,XAX332,3.5286,101.9145,5913.12
6/3/2026 17:57,80152e,IGO1001,3.7006,99.743,11277.6
6/3/2026 17:58,8960f0,UAE7Q,3.6698,100.5764,6339.84
6/3/2026 17:58,7.50E+11,XAX332,3.5286,101.9145,5913.12
6/3/2026 17:58,80152e,IGO1001,3.6546,99.8269,11285.22
6/3/2026 17:58,8960f0,UAE7Q,3.6698,100.5764,6339.84
6/3/2026 17:58,7.50E+11,XAX332,3.5286,101.9145,5913.12
6/3/2026 17:58,80152e,IGO1001,3.6371,99.8588,11285.22
6/3/2026 17:59,8960f0,UAE7Q,3.6698,100.5764,6339.84
6/3/2026 17:59,7.50E+11,XAX332,3.5286,101.9145,5913.12
6/3/2026 17:59,80152e,IGO1001,3.6371,99.8588,11285.22
6/3/2026 18:00,8960f0,UAE7Q,3.6698,100.5764,6339.84
6/3/2026 18:00,7.50E+11,XAX332,3.5286,101.9145,5913.12
6/3/2026 18:00,80152e,IGO1001,3.5626,99.9948,11277.6
6/3/2026 18:00,8960f0,UAE7Q,3.6698,100.5764,6339.84
6/3/2026 18:00,7.50E+11,XAX332,3.5286,101.9145,5913.12
6/3/2026 18:00,80152e,IGO1001,3.5781,99.9666,11277.6
6/3/2026 18:01,80152e,IGO1001,3.5299,100.0545,11277.6
6/3/2026 18:01,80152e,IGO1001,3.5299,100.0545,11277.6
6/3/2026 18:02,80152e,IGO1001,3.5299,100.0545,11277.6
6/3/2026 18:02,80152e,IGO1001,3.5299,100.0545,11277.6
6/3/2026 18:03,80152e,IGO1001,3.5299,100.0545,11277.6
6/3/2026 18:03,NO_DATA,-,-,-,-
6/3/2026 18:04,NO_DATA,-,-,-,-
6/3/2026 18:04,NO_DATA,-,-,-,-
6/3/2026 18:05,NO_DATA,-,-,-,-
6/3/2026 18:05,NO_DATA,-,-,-,-
6/3/2026 18:06,NO_DATA,-,-,-,-
6/3/2026 18:06,NO_DATA,-,-,-,-
6/3/2026 18:07,NO_DATA,-,-,-,-
6/3/2026 18:07,NO_DATA,-,-,-,-
6/3/2026 18:08,NO_DATA,-,-,-,-
6/3/2026 18:08,NO_DATA,-,-,-,-
6/3/2026 18:09,NO_DATA,-,-,-,-
6/3/2026 18:09,7820bf,CSN5080,3.5476,101.9276,7048.5
6/3/2026 18:10,7820bf,CSN5080,3.5997,101.9632,7307.58
6/3/2026 18:10,abc591,FDX5603,3.8034,101.149,11277.6
6/3/2026 18:11,abc591,FDX5603,3.7662,101.169,11277.6
6/3/2026 18:11,abc591,FDX5603,3.6886,101.2107,11277.6
6/3/2026 18:12,abc591,FDX5603,3.6323,101.241,11277.6
6/3/2026 18:12,abc591,FDX5603,3.577,101.2707,11277.6
6/3/2026 18:13,abc591,FDX5603,3.5447,101.288,11277.6
6/3/2026 18:13,NO_DATA,-,-,-,-
6/3/2026 18:14,NO_DATA,-,-,-,-
6/3/2026 18:14,NO_DATA,-,-,-,-
6/3/2026 18:15,NO_DATA,-,-,-,-
6/3/2026 18:15,781fdc,CDG8077,3.5178,101.8858,6934.2
6/3/2026 18:16,781fdc,CDG8077,3.5055,101.8855,6880.86
6/3/2026 18:16,NO_DATA,-,-,-,-
6/3/2026 18:17,76bcca,TGW51,3.6977,101.2249,11887.2
6/3/2026 18:17,76bcca,TGW51,3.6291,101.2607,11879.58
6/3/2026 18:18,76bcca,TGW51,3.5728,101.2899,11887.2
6/3/2026 18:18,76bcca,TGW51,3.5115,101.322,11879.58
6/3/2026 18:19,NO_DATA,-,-,-,-
6/3/2026 18:20,NO_DATA,-,-,-,-
6/3/2026 18:20,NO_DATA,-,-,-,-
6/3/2026 18:21,NO_DATA,-,-,-,-
6/3/2026 18:21,NO_DATA,-,-,-,-
6/3/2026 18:22,NO_DATA,-,-,-,-
6/3/2026 18:22,NO_DATA,-,-,-,-
6/3/2026 18:23,NO_DATA,-,-,-,-
6/3/2026 18:23,NO_DATA,-,-,-,-
6/3/2026 18:24,NO_DATA,-,-,-,-
6/3/2026 18:24,NO_DATA,-,-,-,-
6/3/2026 18:25,NO_DATA,-,-,-,-
6/3/2026 18:25,NO_DATA,-,-,-,-
6/3/2026 18:26,NO_DATA,-,-,-,-
6/3/2026 18:26,781508,CSN8072,3.524,101.9566,7170.42
6/3/2026 18:27,781508,CSN8072,3.543,101.9689,7277.1
6/3/2026 18:27,NO_DATA,-,-,-,-
6/3/2026 18:28,NO_DATA,-,-,-,-
6/3/2026 18:28,NO_DATA,-,-,-,-
6/3/2026 18:29,895058,RBA121,3.5144,100.0837,10363.2
6/3/2026 18:29,895058,RBA121,3.5629,99.9953,10363.2
6/3/2026 18:30,895058,RBA121,3.568,99.9858,10363.2
6/3/2026 18:30,895058,RBA121,3.6252,99.8815,10363.2
6/3/2026 18:31,895058,RBA121,3.6357,99.8623,10363.2
6/3/2026 18:31,895058,RBA121,3.6505,99.8352,10363.2
6/3/2026 18:32,895058,RBA121,3.7103,99.7261,10370.82
6/3/2026 18:32,895058,RBA121,3.7454,99.662,10370.82
6/3/2026 18:33,895058,RBA121,3.7599,99.6353,10378.44
6/3/2026 18:33,895058,RBA121,3.8048,99.5535,10370.82
6/3/2026 18:34,895058,RBA121,3.8048,99.5535,10370.82
6/3/2026 18:34,895058,RBA121,3.8048,99.5535,10370.82
6/3/2026 18:35,895058,RBA121,3.8048,99.5535,10370.82
6/3/2026 18:35,895058,RBA121,3.8048,99.5535,10370.82
6/3/2026 18:36,895058,RBA121,3.8048,99.5535,10370.82
6/3/2026 18:36,895058,RBA121,3.8048,99.5535,10370.82
6/3/2026 18:37,895058,RBA121,3.8048,99.5535,10370.82
6/3/2026 18:37,895058,RBA121,3.8048,99.5535,10370.82
6/3/2026 18:38,895058,RBA121,3.8048,99.5535,10370.82
6/3/2026 18:38,895058,RBA121,3.8048,99.5535,10370.82
6/3/2026 18:38,485ecd,KLM836,3.538,101.7124,9144
6/3/2026 18:39,895058,RBA121,3.8048,99.5535,10370.82
6/3/2026 18:39,485ecd,KLM836,3.5359,101.7136,9144
6/3/2026 18:40,485ecd,KLM836,3.6615,101.6451,9144
6/3/2026 18:40,485ecd,KLM836,3.6734,101.6386,9144
6/3/2026 18:41,485ecd,KLM836,3.7402,101.6021,9144
6/3/2026 18:41,485ecd,KLM836,3.7402,101.6021,9144
6/3/2026 18:42,485ecd,KLM836,3.7402,101.6021,9144
6/3/2026 18:42,485ecd,KLM836,3.7402,101.6021,9144
6/3/2026 18:43,485ecd,KLM836,3.7402,101.6021,9144
6/3/2026 18:43,485ecd,KLM836,3.7402,101.6021,9144
6/3/2026 18:43,71002a,SVA840,3.7835,100.2608,9006.84
6/3/2026 18:44,485ecd,KLM836,3.7402,101.6021,9144
6/3/2026 18:44,71002a,SVA840,3.761,100.2837,8869.68
6/3/2026 18:44,485ecd,KLM836,3.7402,101.6021,9144
6/3/2026 18:44,71002a,SVA840,3.6984,100.3473,8488.68
6/3/2026 18:45,485ecd,KLM836,3.7402,101.6021,9144
6/3/2026 18:45,71002a,SVA840,3.68,100.3661,8382
6/3/2026 18:45,485ecd,KLM836,3.7402,101.6021,9144
6/3/2026 18:45,71002a,SVA840,3.68,100.3661,8382
6/3/2026 18:46,71002a,SVA840,3.5627,100.4856,7688.58
6/3/2026 18:46,71002a,SVA840,3.5219,100.5278,7437.12
6/3/2026 18:47,NO_DATA,-,-,-,-
6/3/2026 18:47,NO_DATA,-,-,-,-
6/3/2026 18:48,NO_DATA,-,-,-,-
6/3/2026 18:48,NO_DATA,-,-,-,-
6/3/2026 18:49,NO_DATA,-,-,-,-
6/3/2026 18:49,NO_DATA,-,-,-,-
6/3/2026 18:50,NO_DATA,-,-,-,-
6/3/2026 18:50,NO_DATA,-,-,-,-
6/3/2026 18:51,NO_DATA,-,-,-,-
6/3/2026 18:51,4d0114,CLX7545,3.5248,101.4829,4084.32
6/3/2026 18:52,4d0114,CLX7545,3.5248,101.4829,4084.32
6/3/2026 18:52,4d0114,CLX7545,3.5248,101.4829,4084.32
6/3/2026 18:53,4d0114,CLX7545,3.5248,101.4829,4084.32
6/3/2026 18:53,4d0114,CLX7545,3.5248,101.4829,4084.32
6/3/2026 18:54,4d0114,CLX7545,3.5248,101.4829,4084.32
6/3/2026 18:54,4d0114,CLX7545,3.5248,101.4829,4084.32
6/3/2026 18:55,4d0114,CLX7545,3.5248,101.4829,4084.32
6/3/2026 18:55,4d0114,CLX7545,3.5248,101.4829,4084.32
6/3/2026 18:56,4d0114,CLX7545,3.5248,101.4829,4084.32
6/3/2026 18:56,NO_DATA,-,-,-,-
6/3/2026 18:57,NO_DATA,-,-,-,-
6/3/2026 18:57,NO_DATA,-,-,-,-
6/3/2026 18:58,NO_DATA,-,-,-,-
6/3/2026 18:59,NO_DATA,-,-,-,-
6/3/2026 18:59,NO_DATA,-,-,-,-
6/3/2026 19:00,NO_DATA,-,-,-,-
6/3/2026 19:00,NO_DATA,-,-,-,-
6/3/2026 19:01,76cdb1,SIA302,3.5014,101.866,9448.8
6/3/2026 19:01,76cdb1,SIA302,3.5757,101.8126,9509.76
6/3/2026 19:02,76cdb1,SIA302,3.6213,101.7798,9555.48
6/3/2026 19:02,76cdb1,SIA302,3.6883,101.7316,9639.3
6/3/2026 19:03,76cdb1,SIA302,3.75,101.6873,9745.98
6/3/2026 19:03,76cdb1,SIA302,3.8126,101.6422,9860.28
6/3/2026 19:04,76cdb1,SIA302,3.8703,101.6007,9966.96
6/3/2026 19:04,76cdb1,SIA302,3.9262,101.5591,10035.54
6/3/2026 19:05,76cdb1,SIA302,3.9786,101.5009,10073.64
6/3/2026 19:05,76cdb1,SIA302,3.9786,101.5009,10073.64
6/3/2026 19:06,76cdb1,SIA302,3.9786,101.5009,10073.64
6/3/2026 19:06,76cdb1,SIA302,3.9786,101.5009,10073.64
6/3/2026 19:07,76cdb1,SIA302,3.9786,101.5009,10073.64
6/3/2026 19:07,NO_DATA,-,-,-,-
6/3/2026 19:08,NO_DATA,-,-,-,-
6/3/2026 19:08,NO_DATA,-,-,-,-
6/3/2026 19:09,NO_DATA,-,-,-,-
6/3/2026 19:09,NO_DATA,-,-,-,-
6/3/2026 19:10,NO_DATA,-,-,-,-
6/3/2026 19:10,NO_DATA,-,-,-,-
6/3/2026 19:11,NO_DATA,-,-,-,-
6/3/2026 19:11,NO_DATA,-,-,-,-
6/3/2026 19:12,NO_DATA,-,-,-,-
6/3/2026 19:12,NO_DATA,-,-,-,-
6/3/2026 19:13,NO_DATA,-,-,-,-
6/3/2026 19:13,NO_DATA,-,-,-,-
6/3/2026 19:14,NO_DATA,-,-,-,-
6/3/2026 19:14,NO_DATA,-,-,-,-
6/3/2026 19:15,NO_DATA,-,-,-,-
6/3/2026 19:15,NO_DATA,-,-,-,-
6/3/2026 19:16,NO_DATA,-,-,-,-
6/3/2026 19:16,NO_DATA,-,-,-,-
6/3/2026 19:17,NO_DATA,-,-,-,-
6/3/2026 19:17,NO_DATA,-,-,-,-
6/3/2026 19:18,NO_DATA,-,-,-,-
6/3/2026 19:19,NO_DATA,-,-,-,-
6/3/2026 19:19,NO_DATA,-,-,-,-
6/3/2026 19:20,NO_DATA,-,-,-,-
6/3/2026 19:20,NO_DATA,-,-,-,-
6/3/2026 19:21,NO_DATA,-,-,-,-
6/3/2026 19:21,NO_DATA,-,-,-,-
6/3/2026 19:22,NO_DATA,-,-,-,-
6/3/2026 19:22,NO_DATA,-,-,-,-
6/3/2026 19:23,NO_DATA,-,-,-,-
6/3/2026 19:23,NO_DATA,-,-,-,-
6/3/2026 19:24,NO_DATA,-,-,-,-
6/3/2026 19:24,NO_DATA,-,-,-,-
6/3/2026 19:25,NO_DATA,-,-,-,-
6/3/2026 19:25,NO_DATA,-,-,-,-
6/3/2026 19:26,NO_DATA,-,-,-,-
6/3/2026 19:26,NO_DATA,-,-,-,-
6/3/2026 19:27,NO_DATA,-,-,-,-
6/3/2026 19:27,NO_DATA,-,-,-,-
6/3/2026 19:28,NO_DATA,-,-,-,-
6/3/2026 19:28,NO_DATA,-,-,-,-
6/3/2026 19:29,NO_DATA,-,-,-,-
6/3/2026 19:29,NO_DATA,-,-,-,-
6/3/2026 19:30,NO_DATA,-,-,-,-
6/3/2026 19:30,NO_DATA,-,-,-,-
6/3/2026 19:31,NO_DATA,-,-,-,-
6/3/2026 19:31,NO_DATA,-,-,-,-
6/3/2026 19:32,NO_DATA,-,-,-,-
6/3/2026 19:32,NO_DATA,-,-,-,-
6/3/2026 19:33,NO_DATA,-,-,-,-
6/3/2026 19:33,NO_DATA,-,-,-,-
6/3/2026 19:34,NO_DATA,-,-,-,-
6/3/2026 19:34,NO_DATA,-,-,-,-
6/3/2026 19:35,NO_DATA,-,-,-,-
6/3/2026 19:35,NO_DATA,-,-,-,-
6/3/2026 19:36,NO_DATA,-,-,-,-
6/3/2026 19:36,NO_DATA,-,-,-,-
6/3/2026 19:37,NO_DATA,-,-,-,-
6/3/2026 19:38,NO_DATA,-,-,-,-
6/3/2026 19:38,NO_DATA,-,-,-,-
6/3/2026 19:39,NO_DATA,-,-,-,-
6/3/2026 19:39,NO_DATA,-,-,-,-
6/3/2026 19:40,NO_DATA,-,-,-,-
6/3/2026 19:40,NO_DATA,-,-,-,-
6/3/2026 19:41,NO_DATA,-,-,-,-
6/3/2026 19:41,NO_DATA,-,-,-,-
6/3/2026 19:42,NO_DATA,-,-,-,-
6/3/2026 19:42,NO_DATA,-,-,-,-
6/3/2026 19:43,NO_DATA,-,-,-,-
6/3/2026 19:43,NO_DATA,-,-,-,-
6/3/2026 19:44,NO_DATA,-,-,-,-
6/3/2026 19:44,NO_DATA,-,-,-,-
6/3/2026 19:45,NO_DATA,-,-,-,-
6/3/2026 19:45,NO_DATA,-,-,-,-
6/3/2026 19:46,NO_DATA,-,-,-,-
6/3/2026 19:46,NO_DATA,-,-,-,-
6/3/2026 19:47,NO_DATA,-,-,-,-
6/3/2026 19:47,NO_DATA,-,-,-,-
6/3/2026 19:48,NO_DATA,-,-,-,-
6/3/2026 19:48,NO_DATA,-,-,-,-
6/3/2026 19:49,NO_DATA,-,-,-,-
6/3/2026 19:49,NO_DATA,-,-,-,-
6/3/2026 19:50,NO_DATA,-,-,-,-
6/3/2026 19:50,NO_DATA,-,-,-,-
6/3/2026 19:51,NO_DATA,-,-,-,-
6/3/2026 19:51,NO_DATA,-,-,-,-
6/3/2026 19:52,NO_DATA,-,-,-,-
6/3/2026 19:52,NO_DATA,-,-,-,-
6/3/2026 19:53,NO_DATA,-,-,-,-
6/3/2026 19:53,NO_DATA,-,-,-,-
6/3/2026 19:54,NO_DATA,-,-,-,-
6/3/2026 19:54,NO_DATA,-,-,-,-
6/3/2026 19:55,NO_DATA,-,-,-,-
6/3/2026 19:55,NO_DATA,-,-,-,-
6/3/2026 19:56,NO_DATA,-,-,-,-
6/3/2026 19:56,NO_DATA,-,-,-,-
6/3/2026 19:57,NO_DATA,-,-,-,-
6/3/2026 19:58,NO_DATA,-,-,-,-
6/3/2026 19:58,NO_DATA,-,-,-,-
6/3/2026 19:59,NO_DATA,-,-,-,-
6/3/2026 19:59,NO_DATA,-,-,-,-
6/3/2026 20:00,NO_DATA,-,-,-,-
6/3/2026 20:00,NO_DATA,-,-,-,-
6/3/2026 20:01,NO_DATA,-,-,-,-
6/3/2026 20:01,NO_DATA,-,-,-,-
6/3/2026 20:02,NO_DATA,-,-,-,-
6/3/2026 20:02,NO_DATA,-,-,-,-
6/3/2026 20:03,NO_DATA,-,-,-,-
6/3/2026 20:03,NO_DATA,-,-,-,-
6/3/2026 20:04,NO_DATA,-,-,-,-
6/3/2026 20:04,NO_DATA,-,-,-,-
6/3/2026 20:05,NO_DATA,-,-,-,-
6/3/2026 20:05,NO_DATA,-,-,-,-
6/3/2026 20:06,NO_DATA,-,-,-,-
6/3/2026 20:06,NO_DATA,-,-,-,-
6/3/2026 20:07,NO_DATA,-,-,-,-
6/3/2026 20:07,NO_DATA,-,-,-,-
6/3/2026 20:08,NO_DATA,-,-,-,-
6/3/2026 20:08,NO_DATA,-,-,-,-
6/3/2026 20:09,NO_DATA,-,-,-,-
6/3/2026 20:09,NO_DATA,-,-,-,-
6/3/2026 20:10,NO_DATA,-,-,-,-
6/3/2026 20:10,NO_DATA,-,-,-,-
6/3/2026 20:11,NO_DATA,-,-,-,-
6/3/2026 20:11,NO_DATA,-,-,-,-
6/3/2026 20:12,NO_DATA,-,-,-,-
6/3/2026 20:12,NO_DATA,-,-,-,-
6/3/2026 20:13,NO_DATA,-,-,-,-
6/3/2026 20:13,NO_DATA,-,-,-,-
6/3/2026 20:14,NO_DATA,-,-,-,-
6/3/2026 20:14,NO_DATA,-,-,-,-
6/3/2026 20:15,NO_DATA,-,-,-,-
6/3/2026 20:15,NO_DATA,-,-,-,-
6/3/2026 20:16,NO_DATA,-,-,-,-
6/3/2026 20:16,NO_DATA,-,-,-,-
6/3/2026 20:17,NO_DATA,-,-,-,-
6/3/2026 20:18,NO_DATA,-,-,-,-
6/3/2026 20:18,NO_DATA,-,-,-,-
6/3/2026 20:19,NO_DATA,-,-,-,-
6/3/2026 20:19,NO_DATA,-,-,-,-
6/3/2026 20:20,NO_DATA,-,-,-,-
6/3/2026 20:20,NO_DATA,-,-,-,-
6/3/2026 20:21,NO_DATA,-,-,-,-
6/3/2026 20:21,NO_DATA,-,-,-,-
6/3/2026 20:22,NO_DATA,-,-,-,-
6/3/2026 20:22,NO_DATA,-,-,-,-
6/3/2026 20:23,NO_DATA,-,-,-,-
6/3/2026 20:23,NO_DATA,-,-,-,-
6/3/2026 20:24,NO_DATA,-,-,-,-
6/3/2026 20:24,NO_DATA,-,-,-,-
6/3/2026 20:25,NO_DATA,-,-,-,-
6/3/2026 20:25,NO_DATA,-,-,-,-
6/3/2026 20:26,NO_DATA,-,-,-,-
6/3/2026 20:26,NO_DATA,-,-,-,-
6/3/2026 20:27,NO_DATA,-,-,-,-
6/3/2026 20:27,NO_DATA,-,-,-,-
6/3/2026 20:28,NO_DATA,-,-,-,-
6/3/2026 20:28,NO_DATA,-,-,-,-
6/3/2026 20:29,NO_DATA,-,-,-,-
6/3/2026 20:29,NO_DATA,-,-,-,-
6/3/2026 20:30,NO_DATA,-,-,-,-
6/3/2026 20:30,NO_DATA,-,-,-,-
6/3/2026 20:31,NO_DATA,-,-,-,-
6/3/2026 20:31,NO_DATA,-,-,-,-
6/3/2026 20:32,NO_DATA,-,-,-,-
6/3/2026 20:32,NO_DATA,-,-,-,-
6/3/2026 20:33,NO_DATA,-,-,-,-
6/3/2026 20:33,NO_DATA,-,-,-,-
6/3/2026 20:34,NO_DATA,-,-,-,-
6/3/2026 20:34,NO_DATA,-,-,-,-
6/3/2026 20:35,NO_DATA,-,-,-,-
6/3/2026 20:35,NO_DATA,-,-,-,-
6/3/2026 20:36,NO_DATA,-,-,-,-
6/3/2026 20:36,NO_DATA,-,-,-,-
6/3/2026 20:37,NO_DATA,-,-,-,-
6/3/2026 20:38,NO_DATA,-,-,-,-
6/3/2026 20:38,NO_DATA,-,-,-,-
6/3/2026 20:39,NO_DATA,-,-,-,-
6/3/2026 20:39,NO_DATA,-,-,-,-
6/3/2026 20:40,NO_DATA,-,-,-,-
6/3/2026 20:40,NO_DATA,-,-,-,-
6/3/2026 20:41,NO_DATA,-,-,-,-
6/3/2026 20:41,NO_DATA,-,-,-,-
6/3/2026 20:42,NO_DATA,-,-,-,-
6/3/2026 20:42,NO_DATA,-,-,-,-
6/3/2026 20:43,NO_DATA,-,-,-,-
6/3/2026 20:43,NO_DATA,-,-,-,-
6/3/2026 20:44,NO_DATA,-,-,-,-
6/3/2026 20:44,NO_DATA,-,-,-,-
6/3/2026 20:45,NO_DATA,-,-,-,-
6/3/2026 20:45,NO_DATA,-,-,-,-
6/3/2026 20:46,NO_DATA,-,-,-,-
6/3/2026 20:46,NO_DATA,-,-,-,-
6/3/2026 20:47,NO_DATA,-,-,-,-
6/3/2026 20:47,NO_DATA,-,-,-,-
6/3/2026 20:48,NO_DATA,-,-,-,-
6/3/2026 20:48,NO_DATA,-,-,-,-
6/3/2026 20:49,NO_DATA,-,-,-,-
6/3/2026 20:49,NO_DATA,-,-,-,-
6/3/2026 20:50,NO_DATA,-,-,-,-
6/3/2026 20:50,NO_DATA,-,-,-,-
6/3/2026 20:51,NO_DATA,-,-,-,-
6/3/2026 20:51,NO_DATA,-,-,-,-
6/3/2026 20:52,NO_DATA,-,-,-,-
6/3/2026 20:52,NO_DATA,-,-,-,-
6/3/2026 20:53,NO_DATA,-,-,-,-
6/3/2026 20:53,NO_DATA,-,-,-,-
6/3/2026 20:54,NO_DATA,-,-,-,-
6/3/2026 20:54,NO_DATA,-,-,-,-
6/3/2026 20:55,NO_DATA,-,-,-,-
6/3/2026 20:55,NO_DATA,-,-,-,-
6/3/2026 20:56,NO_DATA,-,-,-,-
6/3/2026 20:56,NO_DATA,-,-,-,-
6/3/2026 20:57,NO_DATA,-,-,-,-
6/3/2026 20:58,NO_DATA,-,-,-,-
6/3/2026 20:58,NO_DATA,-,-,-,-
6/3/2026 20:59,NO_DATA,-,-,-,-
6/3/2026 20:59,NO_DATA,-,-,-,-
6/3/2026 21:00,NO_DATA,-,-,-,-
6/3/2026 21:00,NO_DATA,-,-,-,-
6/3/2026 21:01,NO_DATA,-,-,-,-
6/3/2026 21:01,NO_DATA,-,-,-,-
6/3/2026 21:02,NO_DATA,-,-,-,-
6/3/2026 21:02,NO_DATA,-,-,-,-
6/3/2026 21:03,NO_DATA,-,-,-,-
6/3/2026 21:03,NO_DATA,-,-,-,-
6/3/2026 21:04,NO_DATA,-,-,-,-
6/3/2026 21:04,NO_DATA,-,-,-,-
6/3/2026 21:05,NO_DATA,-,-,-,-
6/3/2026 21:05,NO_DATA,-,-,-,-
6/3/2026 21:06,NO_DATA,-,-,-,-
6/3/2026 21:06,NO_DATA,-,-,-,-
6/3/2026 21:07,NO_DATA,-,-,-,-
6/3/2026 21:07,NO_DATA,-,-,-,-
6/3/2026 21:08,NO_DATA,-,-,-,-
6/3/2026 21:08,NO_DATA,-,-,-,-
6/3/2026 21:09,NO_DATA,-,-,-,-
6/3/2026 21:09,NO_DATA,-,-,-,-
6/3/2026 21:10,NO_DATA,-,-,-,-
6/3/2026 21:10,NO_DATA,-,-,-,-
6/3/2026 21:11,NO_DATA,-,-,-,-
6/3/2026 21:11,NO_DATA,-,-,-,-
6/3/2026 21:12,NO_DATA,-,-,-,-
6/3/2026 21:12,NO_DATA,-,-,-,-
6/3/2026 21:13,NO_DATA,-,-,-,-
6/3/2026 21:13,NO_DATA,-,-,-,-
6/3/2026 21:14,NO_DATA,-,-,-,-
6/3/2026 21:14,NO_DATA,-,-,-,-
6/3/2026 21:15,NO_DATA,-,-,-,-
6/3/2026 21:15,NO_DATA,-,-,-,-
6/3/2026 21:16,NO_DATA,-,-,-,-
6/3/2026 21:16,NO_DATA,-,-,-,-
6/3/2026 21:17,NO_DATA,-,-,-,-
6/3/2026 21:18,NO_DATA,-,-,-,-
6/3/2026 21:18,NO_DATA,-,-,-,-
6/3/2026 21:19,NO_DATA,-,-,-,-
6/3/2026 21:19,NO_DATA,-,-,-,-
6/3/2026 21:20,NO_DATA,-,-,-,-
6/3/2026 21:20,NO_DATA,-,-,-,-
6/3/2026 21:21,NO_DATA,-,-,-,-
6/3/2026 21:21,NO_DATA,-,-,-,-
6/3/2026 21:22,NO_DATA,-,-,-,-
6/3/2026 21:22,NO_DATA,-,-,-,-
6/3/2026 21:23,NO_DATA,-,-,-,-
6/3/2026 21:23,NO_DATA,-,-,-,-
6/3/2026 21:24,NO_DATA,-,-,-,-
6/3/2026 21:24,NO_DATA,-,-,-,-
6/3/2026 21:25,NO_DATA,-,-,-,-
6/3/2026 21:25,NO_DATA,-,-,-,-
6/3/2026 21:26,NO_DATA,-,-,-,-
6/3/2026 21:26,NO_DATA,-,-,-,-
6/3/2026 21:27,NO_DATA,-,-,-,-
6/3/2026 21:27,NO_DATA,-,-,-,-
6/3/2026 21:28,NO_DATA,-,-,-,-
6/3/2026 21:28,NO_DATA,-,-,-,-
6/3/2026 21:29,NO_DATA,-,-,-,-
6/3/2026 21:29,NO_DATA,-,-,-,-
6/3/2026 21:30,NO_DATA,-,-,-,-
6/3/2026 21:30,NO_DATA,-,-,-,-
6/3/2026 21:31,NO_DATA,-,-,-,-
6/3/2026 21:31,NO_DATA,-,-,-,-
6/3/2026 21:32,NO_DATA,-,-,-,-
6/3/2026 21:32,NO_DATA,-,-,-,-
6/3/2026 21:33,NO_DATA,-,-,-,-
6/3/2026 21:33,NO_DATA,-,-,-,-
6/3/2026 21:34,NO_DATA,-,-,-,-
6/3/2026 21:34,NO_DATA,-,-,-,-
6/3/2026 21:35,NO_DATA,-,-,-,-
6/3/2026 21:35,NO_DATA,-,-,-,-
6/3/2026 21:36,NO_DATA,-,-,-,-
6/3/2026 21:37,NO_DATA,-,-,-,-
6/3/2026 21:37,NO_DATA,-,-,-,-
6/3/2026 21:38,NO_DATA,-,-,-,-
6/3/2026 21:38,NO_DATA,-,-,-,-
6/3/2026 21:39,NO_DATA,-,-,-,-
6/3/2026 21:39,NO_DATA,-,-,-,-
6/3/2026 21:40,NO_DATA,-,-,-,-
6/3/2026 21:40,NO_DATA,-,-,-,-
6/3/2026 21:41,NO_DATA,-,-,-,-
6/3/2026 21:41,NO_DATA,-,-,-,-
6/3/2026 21:42,NO_DATA,-,-,-,-
6/3/2026 21:42,NO_DATA,-,-,-,-
6/3/2026 21:43,NO_DATA,-,-,-,-
6/3/2026 21:43,NO_DATA,-,-,-,-
6/3/2026 21:44,NO_DATA,-,-,-,-
6/3/2026 21:44,NO_DATA,-,-,-,-
6/3/2026 21:45,NO_DATA,-,-,-,-
6/3/2026 21:45,NO_DATA,-,-,-,-
6/3/2026 21:46,NO_DATA,-,-,-,-
6/3/2026 21:46,NO_DATA,-,-,-,-
6/3/2026 21:47,NO_DATA,-,-,-,-
6/3/2026 21:47,NO_DATA,-,-,-,-
6/3/2026 21:48,NO_DATA,-,-,-,-
6/3/2026 21:48,NO_DATA,-,-,-,-
6/3/2026 21:49,NO_DATA,-,-,-,-
6/3/2026 21:49,NO_DATA,-,-,-,-
6/3/2026 21:50,NO_DATA,-,-,-,-
6/3/2026 21:50,NO_DATA,-,-,-,-
6/3/2026 21:51,NO_DATA,-,-,-,-
6/3/2026 21:51,NO_DATA,-,-,-,-
6/3/2026 21:52,NO_DATA,-,-,-,-
6/3/2026 21:52,NO_DATA,-,-,-,-
6/3/2026 21:53,NO_DATA,-,-,-,-
6/3/2026 21:53,NO_DATA,-,-,-,-
6/3/2026 21:54,NO_DATA,-,-,-,-
6/3/2026 21:54,NO_DATA,-,-,-,-
6/3/2026 21:55,NO_DATA,-,-,-,-
6/3/2026 21:56,NO_DATA,-,-,-,-
6/3/2026 21:56,NO_DATA,-,-,-,-
6/3/2026 21:57,NO_DATA,-,-,-,-
6/3/2026 21:57,NO_DATA,-,-,-,-
6/3/2026 21:58,NO_DATA,-,-,-,-
6/3/2026 21:58,NO_DATA,-,-,-,-
6/3/2026 21:59,NO_DATA,-,-,-,-
6/3/2026 21:59,NO_DATA,-,-,-,-
6/3/2026 22:00,NO_DATA,-,-,-,-
6/3/2026 22:00,NO_DATA,-,-,-,-
6/3/2026 22:01,NO_DATA,-,-,-,-
6/3/2026 22:01,NO_DATA,-,-,-,-
6/3/2026 22:02,NO_DATA,-,-,-,-
6/3/2026 22:02,NO_DATA,-,-,-,-
6/3/2026 22:03,NO_DATA,-,-,-,-
6/3/2026 22:03,NO_DATA,-,-,-,-
6/3/2026 22:04,NO_DATA,-,-,-,-
6/3/2026 22:04,NO_DATA,-,-,-,-
6/3/2026 22:05,NO_DATA,-,-,-,-
6/3/2026 22:05,NO_DATA,-,-,-,-
6/3/2026 22:06,NO_DATA,-,-,-,-
6/3/2026 22:06,NO_DATA,-,-,-,-
6/3/2026 22:07,NO_DATA,-,-,-,-
6/3/2026 22:07,NO_DATA,-,-,-,-
6/3/2026 22:08,NO_DATA,-,-,-,-
6/3/2026 22:08,NO_DATA,-,-,-,-
6/3/2026 22:09,NO_DATA,-,-,-,-
6/3/2026 22:09,NO_DATA,-,-,-,-
6/3/2026 22:10,NO_DATA,-,-,-,-
6/3/2026 22:10,NO_DATA,-,-,-,-
6/3/2026 22:11,NO_DATA,-,-,-,-
6/3/2026 22:11,NO_DATA,-,-,-,-
6/3/2026 22:12,NO_DATA,-,-,-,-
6/3/2026 22:12,NO_DATA,-,-,-,-
6/3/2026 22:13,NO_DATA,-,-,-,-
6/3/2026 22:13,NO_DATA,-,-,-,-
6/3/2026 22:14,NO_DATA,-,-,-,-
6/3/2026 22:14,NO_DATA,-,-,-,-
6/3/2026 22:15,NO_DATA,-,-,-,-
6/3/2026 22:16,NO_DATA,-,-,-,-
6/3/2026 22:16,NO_DATA,-,-,-,-
6/3/2026 22:17,NO_DATA,-,-,-,-
6/3/2026 22:17,NO_DATA,-,-,-,-
6/3/2026 22:18,NO_DATA,-,-,-,-
6/3/2026 22:18,NO_DATA,-,-,-,-
6/3/2026 22:19,NO_DATA,-,-,-,-
6/3/2026 22:19,NO_DATA,-,-,-,-
6/3/2026 22:20,NO_DATA,-,-,-,-
6/3/2026 22:20,NO_DATA,-,-,-,-
6/3/2026 22:21,NO_DATA,-,-,-,-
6/3/2026 22:21,NO_DATA,-,-,-,-
6/3/2026 22:22,NO_DATA,-,-,-,-
6/3/2026 22:22,NO_DATA,-,-,-,-
6/3/2026 22:23,NO_DATA,-,-,-,-
6/3/2026 22:23,NO_DATA,-,-,-,-
6/3/2026 22:24,NO_DATA,-,-,-,-
6/3/2026 22:24,NO_DATA,-,-,-,-
6/3/2026 22:25,NO_DATA,-,-,-,-
6/3/2026 22:25,NO_DATA,-,-,-,-
6/3/2026 22:26,NO_DATA,-,-,-,-
6/3/2026 22:26,NO_DATA,-,-,-,-
6/3/2026 22:27,NO_DATA,-,-,-,-
6/3/2026 22:27,NO_DATA,-,-,-,-
6/3/2026 22:28,NO_DATA,-,-,-,-
6/3/2026 22:28,NO_DATA,-,-,-,-
6/3/2026 22:29,NO_DATA,-,-,-,-
6/3/2026 22:29,NO_DATA,-,-,-,-
6/3/2026 22:30,NO_DATA,-,-,-,-
6/3/2026 22:30,NO_DATA,-,-,-,-
6/3/2026 22:31,NO_DATA,-,-,-,-
6/3/2026 22:31,NO_DATA,-,-,-,-
6/3/2026 22:32,NO_DATA,-,-,-,-
6/3/2026 22:32,NO_DATA,-,-,-,-
6/3/2026 22:33,NO_DATA,-,-,-,-
6/3/2026 22:33,NO_DATA,-,-,-,-
6/3/2026 22:34,NO_DATA,-,-,-,-
6/3/2026 22:34,NO_DATA,-,-,-,-
6/3/2026 22:35,NO_DATA,-,-,-,-
6/3/2026 22:36,NO_DATA,-,-,-,-
6/3/2026 22:36,NO_DATA,-,-,-,-
6/3/2026 22:37,NO_DATA,-,-,-,-
6/3/2026 22:37,NO_DATA,-,-,-,-
6/3/2026 22:38,NO_DATA,-,-,-,-
6/3/2026 22:38,NO_DATA,-,-,-,-
6/3/2026 22:39,NO_DATA,-,-,-,-
6/3/2026 22:39,NO_DATA,-,-,-,-
6/3/2026 22:40,NO_DATA,-,-,-,-
6/3/2026 22:40,NO_DATA,-,-,-,-
6/3/2026 22:41,NO_DATA,-,-,-,-
6/3/2026 22:41,NO_DATA,-,-,-,-
6/3/2026 22:42,NO_DATA,-,-,-,-
6/3/2026 22:42,NO_DATA,-,-,-,-
6/3/2026 22:43,NO_DATA,-,-,-,-
6/3/2026 22:43,NO_DATA,-,-,-,-
6/3/2026 22:44,NO_DATA,-,-,-,-
6/3/2026 22:44,NO_DATA,-,-,-,-
6/3/2026 22:45,NO_DATA,-,-,-,-
6/3/2026 22:45,NO_DATA,-,-,-,-
6/3/2026 22:46,NO_DATA,-,-,-,-
6/3/2026 22:46,NO_DATA,-,-,-,-
6/3/2026 22:47,NO_DATA,-,-,-,-
6/3/2026 22:47,NO_DATA,-,-,-,-
6/3/2026 22:48,NO_DATA,-,-,-,-
6/3/2026 22:48,NO_DATA,-,-,-,-
6/3/2026 22:49,NO_DATA,-,-,-,-
6/3/2026 22:49,NO_DATA,-,-,-,-
6/3/2026 22:50,NO_DATA,-,-,-,-
6/3/2026 22:50,NO_DATA,-,-,-,-
6/3/2026 22:51,NO_DATA,-,-,-,-
6/3/2026 22:51,NO_DATA,-,-,-,-
6/3/2026 22:52,NO_DATA,-,-,-,-
6/3/2026 22:52,NO_DATA,-,-,-,-
6/3/2026 22:53,NO_DATA,-,-,-,-
6/3/2026 22:53,NO_DATA,-,-,-,-
6/3/2026 22:54,NO_DATA,-,-,-,-
6/3/2026 22:54,NO_DATA,-,-,-,-
6/3/2026 22:55,NO_DATA,-,-,-,-
6/3/2026 22:56,NO_DATA,-,-,-,-
6/3/2026 22:56,NO_DATA,-,-,-,-
6/3/2026 22:57,NO_DATA,-,-,-,-
6/3/2026 22:57,NO_DATA,-,-,-,-
6/3/2026 22:58,NO_DATA,-,-,-,-
6/3/2026 22:58,NO_DATA,-,-,-,-
6/3/2026 22:59,NO_DATA,-,-,-,-
6/3/2026 22:59,NO_DATA,-,-,-,-
6/3/2026 23:00,NO_DATA,-,-,-,-
6/3/2026 23:00,NO_DATA,-,-,-,-
6/3/2026 23:01,NO_DATA,-,-,-,-
6/3/2026 23:01,NO_DATA,-,-,-,-
6/3/2026 23:02,NO_DATA,-,-,-,-
6/3/2026 23:02,NO_DATA,-,-,-,-
6/3/2026 23:03,NO_DATA,-,-,-,-
6/3/2026 23:03,NO_DATA,-,-,-,-
6/3/2026 23:04,NO_DATA,-,-,-,-
6/3/2026 23:04,NO_DATA,-,-,-,-
6/3/2026 23:05,NO_DATA,-,-,-,-
6/3/2026 23:05,NO_DATA,-,-,-,-
6/3/2026 23:06,NO_DATA,-,-,-,-
6/3/2026 23:06,NO_DATA,-,-,-,-
6/3/2026 23:07,NO_DATA,-,-,-,-
6/3/2026 23:07,NO_DATA,-,-,-,-
6/3/2026 23:08,NO_DATA,-,-,-,-
6/3/2026 23:08,NO_DATA,-,-,-,-
6/3/2026 23:09,NO_DATA,-,-,-,-
6/3/2026 23:09,NO_DATA,-,-,-,-
6/3/2026 23:10,NO_DATA,-,-,-,-
6/3/2026 23:10,NO_DATA,-,-,-,-
6/3/2026 23:11,NO_DATA,-,-,-,-
7/3/2026 4:44,NO_DATA,-,-,-,-
7/3/2026 5:51,NO_DATA,-,-,-,-
7/3/2026 5:52,NO_DATA,-,-,-,-
7/3/2026 5:52,NO_DATA,-,-,-,-
7/3/2026 5:53,NO_DATA,-,-,-,-
7/3/2026 5:53,NO_DATA,-,-,-,-
7/3/2026 5:54,NO_DATA,-,-,-,-
7/3/2026 5:54,NO_DATA,-,-,-,-
7/3/2026 5:55,NO_DATA,-,-,-,-
7/3/2026 5:55,NO_DATA,-,-,-,-
7/3/2026 5:56,NO_DATA,-,-,-,-
7/3/2026 5:56,NO_DATA,-,-,-,-
7/3/2026 5:57,NO_DATA,-,-,-,-
7/3/2026 9:54,NO_DATA,-,-,-,-
7/3/2026 10:25,NO_DATA,-,-,-,-
7/3/2026 10:25,NO_DATA,-,-,-,-
7/3/2026 10:26,NO_DATA,-,-,-,-
7/3/2026 10:26,NO_DATA,-,-,-,-
7/3/2026 10:27,NO_DATA,-,-,-,-
7/3/2026 10:27,NO_DATA,-,-,-,-
7/3/2026 10:28,NO_DATA,-,-,-,-
7/3/2026 10:28,NO_DATA,-,-,-,-
7/3/2026 10:29,NO_DATA,-,-,-,-
7/3/2026 10:29,NO_DATA,-,-,-,-
7/3/2026 10:30,NO_DATA,-,-,-,-
7/3/2026 10:30,NO_DATA,-,-,-,-
7/3/2026 10:31,NO_DATA,-,-,-,-
7/3/2026 10:31,NO_DATA,-,-,-,-
7/3/2026 10:32,NO_DATA,-,-,-,-
7/3/2026 10:32,NO_DATA,-,-,-,-
7/3/2026 10:33,NO_DATA,-,-,-,-
7/3/2026 10:33,NO_DATA,-,-,-,-
7/3/2026 10:34,NO_DATA,-,-,-,-
7/3/2026 10:34,NO_DATA,-,-,-,-
7/3/2026 10:35,NO_DATA,-,-,-,-
7/3/2026 10:35,NO_DATA,-,-,-,-
7/3/2026 10:36,NO_DATA,-,-,-,-
7/3/2026 10:36,NO_DATA,-,-,-,-
7/3/2026 10:37,NO_DATA,-,-,-,-
7/3/2026 10:37,NO_DATA,-,-,-,-
7/3/2026 10:38,NO_DATA,-,-,-,-
7/3/2026 10:38,NO_DATA,-,-,-,-
7/3/2026 10:39,NO_DATA,-,-,-,-
7/3/2026 10:39,NO_DATA,-,-,-,-
7/3/2026 10:40,NO_DATA,-,-,-,-
7/3/2026 10:40,NO_DATA,-,-,-,-
7/3/2026 10:41,NO_DATA,-,-,-,-
7/3/2026 10:41,NO_DATA,-,-,-,-
7/3/2026 10:42,NO_DATA,-,-,-,-
7/3/2026 10:42,NO_DATA,-,-,-,-
7/3/2026 10:43,NO_DATA,-,-,-,-
7/3/2026 10:43,NO_DATA,-,-,-,-
7/3/2026 10:44,NO_DATA,-,-,-,-
7/3/2026 10:44,NO_DATA,-,-,-,-
7/3/2026 10:45,NO_DATA,-,-,-,-
7/3/2026 10:45,NO_DATA,-,-,-,-
7/3/2026 10:46,NO_DATA,-,-,-,-
7/3/2026 10:46,NO_DATA,-,-,-,-
7/3/2026 10:47,NO_DATA,-,-,-,-
7/3/2026 10:47,NO_DATA,-,-,-,-
7/3/2026 10:48,NO_DATA,-,-,-,-
7/3/2026 10:48,NO_DATA,-,-,-,-
7/3/2026 10:49,NO_DATA,-,-,-,-
7/3/2026 10:49,NO_DATA,-,-,-,-
7/3/2026 10:50,NO_DATA,-,-,-,-
7/3/2026 10:50,NO_DATA,-,-,-,-
7/3/2026 10:51,NO_DATA,-,-,-,-
7/3/2026 10:51,NO_DATA,-,-,-,-
7/3/2026 10:52,NO_DATA,-,-,-,-
7/3/2026 10:52,NO_DATA,-,-,-,-
7/3/2026 10:53,NO_DATA,-,-,-,-
7/3/2026 10:53,NO_DATA,-,-,-,-
7/3/2026 10:54,NO_DATA,-,-,-,-
7/3/2026 10:54,NO_DATA,-,-,-,-
7/3/2026 10:55,NO_DATA,-,-,-,-
7/3/2026 10:55,NO_DATA,-,-,-,-
7/3/2026 10:56,NO_DATA,-,-,-,-
7/3/2026 10:56,NO_DATA,-,-,-,-
7/3/2026 10:57,NO_DATA,-,-,-,-
7/3/2026 10:57,NO_DATA,-,-,-,-
7/3/2026 10:58,NO_DATA,-,-,-,-
7/3/2026 10:58,NO_DATA,-,-,-,-
7/3/2026 10:59,NO_DATA,-,-,-,-
7/3/2026 10:59,NO_DATA,-,-,-,-
7/3/2026 11:00,NO_DATA,-,-,-,-
7/3/2026 11:00,NO_DATA,-,-,-,-
7/3/2026 11:01,NO_DATA,-,-,-,-
7/3/2026 11:01,NO_DATA,-,-,-,-
7/3/2026 11:02,NO_DATA,-,-,-,-
7/3/2026 11:02,NO_DATA,-,-,-,-
7/3/2026 11:03,NO_DATA,-,-,-,-
7/3/2026 11:03,NO_DATA,-,-,-,-
7/3/2026 11:04,NO_DATA,-,-,-,-
7/3/2026 11:04,NO_DATA,-,-,-,-
7/3/2026 11:05,NO_DATA,-,-,-,-
7/3/2026 11:05,NO_DATA,-,-,-,-
7/3/2026 11:06,NO_DATA,-,-,-,-
7/3/2026 11:06,NO_DATA,-,-,-,-
7/3/2026 11:07,NO_DATA,-,-,-,-
7/3/2026 11:07,NO_DATA,-,-,-,-
7/3/2026 11:08,NO_DATA,-,-,-,-
7/3/2026 11:08,NO_DATA,-,-,-,-
7/3/2026 11:09,NO_DATA,-,-,-,-
7/3/2026 11:09,NO_DATA,-,-,-,-
7/3/2026 11:10,NO_DATA,-,-,-,-
7/3/2026 11:10,NO_DATA,-,-,-,-
7/3/2026 11:11,NO_DATA,-,-,-,-
7/3/2026 11:11,NO_DATA,-,-,-,-
7/3/2026 11:12,NO_DATA,-,-,-,-
7/3/2026 11:12,NO_DATA,-,-,-,-
7/3/2026 11:13,NO_DATA,-,-,-,-
7/3/2026 11:13,NO_DATA,-,-,-,-
7/3/2026 11:14,NO_DATA,-,-,-,-
7/3/2026 11:14,NO_DATA,-,-,-,-
7/3/2026 11:15,NO_DATA,-,-,-,-
7/3/2026 11:15,NO_DATA,-,-,-,-
7/3/2026 11:16,NO_DATA,-,-,-,-
7/3/2026 11:16,NO_DATA,-,-,-,-
7/3/2026 11:17,NO_DATA,-,-,-,-
7/3/2026 11:17,NO_DATA,-,-,-,-
7/3/2026 11:18,NO_DATA,-,-,-,-
7/3/2026 11:18,NO_DATA,-,-,-,-
7/3/2026 11:19,NO_DATA,-,-,-,-
7/3/2026 11:19,NO_DATA,-,-,-,-
7/3/2026 11:20,NO_DATA,-,-,-,-
7/3/2026 11:20,NO_DATA,-,-,-,-
7/3/2026 11:21,NO_DATA,-,-,-,-
7/3/2026 11:21,NO_DATA,-,-,-,-
7/3/2026 11:22,NO_DATA,-,-,-,-
7/3/2026 11:22,NO_DATA,-,-,-,-
7/3/2026 11:23,NO_DATA,-,-,-,-
7/3/2026 11:23,NO_DATA,-,-,-,-
7/3/2026 11:24,NO_DATA,-,-,-,-
7/3/2026 11:24,NO_DATA,-,-,-,-
7/3/2026 11:25,NO_DATA,-,-,-,-
7/3/2026 11:25,NO_DATA,-,-,-,-
7/3/2026 11:26,NO_DATA,-,-,-,-
7/3/2026 11:26,NO_DATA,-,-,-,-
7/3/2026 11:27,NO_DATA,-,-,-,-
7/3/2026 11:27,NO_DATA,-,-,-,-
7/3/2026 11:28,NO_DATA,-,-,-,-
7/3/2026 11:28,NO_DATA,-,-,-,-
7/3/2026 11:29,NO_DATA,-,-,-,-
7/3/2026 11:29,NO_DATA,-,-,-,-
7/3/2026 11:30,NO_DATA,-,-,-,-
7/3/2026 11:30,NO_DATA,-,-,-,-
7/3/2026 11:31,NO_DATA,-,-,-,-
7/3/2026 11:31,NO_DATA,-,-,-,-
7/3/2026 11:32,NO_DATA,-,-,-,-
7/3/2026 11:32,NO_DATA,-,-,-,-
7/3/2026 11:33,NO_DATA,-,-,-,-
7/3/2026 11:33,NO_DATA,-,-,-,-
7/3/2026 11:34,NO_DATA,-,-,-,-
7/3/2026 11:35,NO_DATA,-,-,-,-
7/3/2026 11:35,NO_DATA,-,-,-,-
7/3/2026 11:36,NO_DATA,-,-,-,-
7/3/2026 11:36,NO_DATA,-,-,-,-
7/3/2026 11:37,NO_DATA,-,-,-,-
7/3/2026 11:37,NO_DATA,-,-,-,-
7/3/2026 11:38,NO_DATA,-,-,-,-
7/3/2026 11:38,NO_DATA,-,-,-,-
7/3/2026 11:39,NO_DATA,-,-,-,-
7/3/2026 11:39,NO_DATA,-,-,-,-
7/3/2026 11:40,NO_DATA,-,-,-,-
7/3/2026 11:40,NO_DATA,-,-,-,-
7/3/2026 11:41,NO_DATA,-,-,-,-
7/3/2026 11:41,NO_DATA,-,-,-,-
7/3/2026 11:42,NO_DATA,-,-,-,-
7/3/2026 11:42,NO_DATA,-,-,-,-
7/3/2026 11:43,NO_DATA,-,-,-,-
7/3/2026 11:43,NO_DATA,-,-,-,-
7/3/2026 11:44,NO_DATA,-,-,-,-
7/3/2026 11:44,NO_DATA,-,-,-,-
7/3/2026 11:45,NO_DATA,-,-,-,-
7/3/2026 11:45,NO_DATA,-,-,-,-
7/3/2026 11:46,NO_DATA,-,-,-,-
7/3/2026 11:46,NO_DATA,-,-,-,-
7/3/2026 11:47,NO_DATA,-,-,-,-
7/3/2026 11:47,NO_DATA,-,-,-,-
7/3/2026 11:48,NO_DATA,-,-,-,-
7/3/2026 11:48,NO_DATA,-,-,-,-
7/3/2026 11:49,NO_DATA,-,-,-,-
7/3/2026 11:49,NO_DATA,-,-,-,-
7/3/2026 11:50,NO_DATA,-,-,-,-
7/3/2026 11:50,NO_DATA,-,-,-,-
7/3/2026 11:51,NO_DATA,-,-,-,-
7/3/2026 11:51,NO_DATA,-,-,-,-
7/3/2026 11:52,NO_DATA,-,-,-,-
7/3/2026 11:52,NO_DATA,-,-,-,-
7/3/2026 11:53,NO_DATA,-,-,-,-
7/3/2026 11:53,NO_DATA,-,-,-,-
7/3/2026 11:54,NO_DATA,-,-,-,-
7/3/2026 11:54,NO_DATA,-,-,-,-
7/3/2026 11:55,NO_DATA,-,-,-,-
7/3/2026 11:55,NO_DATA,-,-,-,-
7/3/2026 11:56,NO_DATA,-,-,-,-
7/3/2026 11:56,NO_DATA,-,-,-,-
7/3/2026 11:57,NO_DATA,-,-,-,-
7/3/2026 11:57,NO_DATA,-,-,-,-
7/3/2026 11:58,NO_DATA,-,-,-,-
7/3/2026 11:58,NO_DATA,-,-,-,-
7/3/2026 11:59,NO_DATA,-,-,-,-
7/3/2026 11:59,NO_DATA,-,-,-,-
7/3/2026 12:00,NO_DATA,-,-,-,-
7/3/2026 12:00,NO_DATA,-,-,-,-
7/3/2026 12:01,NO_DATA,-,-,-,-
7/3/2026 12:01,NO_DATA,-,-,-,-
7/3/2026 12:02,NO_DATA,-,-,-,-
7/3/2026 12:02,NO_DATA,-,-,-,-
7/3/2026 12:03,NO_DATA,-,-,-,-
7/3/2026 12:03,NO_DATA,-,-,-,-
7/3/2026 12:04,NO_DATA,-,-,-,-
7/3/2026 12:04,NO_DATA,-,-,-,-
7/3/2026 12:05,NO_DATA,-,-,-,-
7/3/2026 12:05,NO_DATA,-,-,-,-
7/3/2026 12:06,NO_DATA,-,-,-,-
7/3/2026 12:06,NO_DATA,-,-,-,-
7/3/2026 12:07,NO_DATA,-,-,-,-
7/3/2026 12:07,NO_DATA,-,-,-,-
7/3/2026 12:08,NO_DATA,-,-,-,-
7/3/2026 12:08,NO_DATA,-,-,-,-
7/3/2026 12:09,NO_DATA,-,-,-,-
7/3/2026 12:09,NO_DATA,-,-,-,-
7/3/2026 12:10,NO_DATA,-,-,-,-
7/3/2026 12:10,NO_DATA,-,-,-,-
7/3/2026 12:11,NO_DATA,-,-,-,-
7/3/2026 12:11,NO_DATA,-,-,-,-
7/3/2026 12:12,NO_DATA,-,-,-,-
7/3/2026 12:12,NO_DATA,-,-,-,-
7/3/2026 12:13,NO_DATA,-,-,-,-
7/3/2026 12:13,NO_DATA,-,-,-,-
7/3/2026 12:14,NO_DATA,-,-,-,-
7/3/2026 12:14,NO_DATA,-,-,-,-
7/3/2026 12:15,NO_DATA,-,-,-,-
7/3/2026 12:15,NO_DATA,-,-,-,-
7/3/2026 12:16,NO_DATA,-,-,-,-
7/3/2026 12:16,NO_DATA,-,-,-,-
7/3/2026 12:17,NO_DATA,-,-,-,-
7/3/2026 12:17,NO_DATA,-,-,-,-
7/3/2026 12:18,NO_DATA,-,-,-,-
7/3/2026 12:18,NO_DATA,-,-,-,-
7/3/2026 12:19,NO_DATA,-,-,-,-
7/3/2026 12:19,NO_DATA,-,-,-,-
7/3/2026 12:20,NO_DATA,-,-,-,-
7/3/2026 12:20,NO_DATA,-,-,-,-
7/3/2026 12:21,NO_DATA,-,-,-,-
7/3/2026 12:21,NO_DATA,-,-,-,-
7/3/2026 12:22,NO_DATA,-,-,-,-
7/3/2026 12:22,NO_DATA,-,-,-,-
7/3/2026 12:23,NO_DATA,-,-,-,-
7/3/2026 12:23,NO_DATA,-,-,-,-
7/3/2026 12:24,NO_DATA,-,-,-,-
7/3/2026 12:24,NO_DATA,-,-,-,-
7/3/2026 12:25,NO_DATA,-,-,-,-
7/3/2026 12:25,NO_DATA,-,-,-,-
7/3/2026 12:26,NO_DATA,-,-,-,-
7/3/2026 12:26,NO_DATA,-,-,-,-
7/3/2026 12:27,NO_DATA,-,-,-,-
7/3/2026 12:27,NO_DATA,-,-,-,-
7/3/2026 12:28,NO_DATA,-,-,-,-
7/3/2026 12:28,NO_DATA,-,-,-,-
7/3/2026 12:29,NO_DATA,-,-,-,-
7/3/2026 12:29,NO_DATA,-,-,-,-
7/3/2026 12:30,NO_DATA,-,-,-,-
7/3/2026 12:30,NO_DATA,-,-,-,-
7/3/2026 12:31,NO_DATA,-,-,-,-
7/3/2026 12:31,NO_DATA,-,-,-,-
7/3/2026 12:32,NO_DATA,-,-,-,-
7/3/2026 12:32,NO_DATA,-,-,-,-
7/3/2026 12:33,NO_DATA,-,-,-,-
7/3/2026 12:33,NO_DATA,-,-,-,-
7/3/2026 12:34,NO_DATA,-,-,-,-
7/3/2026 12:34,NO_DATA,-,-,-,-
7/3/2026 12:35,NO_DATA,-,-,-,-
7/3/2026 12:35,NO_DATA,-,-,-,-
7/3/2026 12:36,NO_DATA,-,-,-,-
7/3/2026 12:36,NO_DATA,-,-,-,-
7/3/2026 12:37,NO_DATA,-,-,-,-
7/3/2026 12:37,NO_DATA,-,-,-,-
7/3/2026 12:38,NO_DATA,-,-,-,-
7/3/2026 12:38,NO_DATA,-,-,-,-
7/3/2026 12:39,NO_DATA,-,-,-,-
7/3/2026 12:39,NO_DATA,-,-,-,-
7/3/2026 12:40,NO_DATA,-,-,-,-
7/3/2026 12:40,NO_DATA,-,-,-,-
7/3/2026 12:41,NO_DATA,-,-,-,-
7/3/2026 12:41,NO_DATA,-,-,-,-
7/3/2026 12:42,NO_DATA,-,-,-,-
7/3/2026 12:42,NO_DATA,-,-,-,-
7/3/2026 12:43,NO_DATA,-,-,-,-
7/3/2026 12:43,NO_DATA,-,-,-,-
7/3/2026 12:44,NO_DATA,-,-,-,-
7/3/2026 12:44,NO_DATA,-,-,-,-
7/3/2026 12:45,NO_DATA,-,-,-,-
7/3/2026 12:45,NO_DATA,-,-,-,-
7/3/2026 12:46,NO_DATA,-,-,-,-
7/3/2026 12:46,NO_DATA,-,-,-,-
7/3/2026 12:47,NO_DATA,-,-,-,-
7/3/2026 12:47,NO_DATA,-,-,-,-
7/3/2026 12:48,NO_DATA,-,-,-,-
7/3/2026 12:48,NO_DATA,-,-,-,-
7/3/2026 12:49,NO_DATA,-,-,-,-
7/3/2026 12:49,NO_DATA,-,-,-,-
7/3/2026 12:50,NO_DATA,-,-,-,-
7/3/2026 12:50,NO_DATA,-,-,-,-
7/3/2026 12:51,NO_DATA,-,-,-,-
7/3/2026 12:51,NO_DATA,-,-,-,-
7/3/2026 12:52,NO_DATA,-,-,-,-
7/3/2026 12:52,NO_DATA,-,-,-,-
7/3/2026 12:53,NO_DATA,-,-,-,-
7/3/2026 12:53,NO_DATA,-,-,-,-
7/3/2026 12:54,NO_DATA,-,-,-,-
7/3/2026 12:54,NO_DATA,-,-,-,-
7/3/2026 12:55,NO_DATA,-,-,-,-
7/3/2026 12:55,NO_DATA,-,-,-,-
7/3/2026 12:56,NO_DATA,-,-,-,-
7/3/2026 12:56,NO_DATA,-,-,-,-
7/3/2026 12:57,NO_DATA,-,-,-,-
7/3/2026 12:57,NO_DATA,-,-,-,-
7/3/2026 12:58,NO_DATA,-,-,-,-
7/3/2026 12:58,NO_DATA,-,-,-,-
7/3/2026 12:59,NO_DATA,-,-,-,-
7/3/2026 12:59,NO_DATA,-,-,-,-
7/3/2026 13:00,NO_DATA,-,-,-,-
7/3/2026 13:00,NO_DATA,-,-,-,-
7/3/2026 13:01,NO_DATA,-,-,-,-
7/3/2026 13:01,NO_DATA,-,-,-,-
7/3/2026 13:02,NO_DATA,-,-,-,-
7/3/2026 13:02,NO_DATA,-,-,-,-
7/3/2026 13:03,NO_DATA,-,-,-,-
7/3/2026 13:03,NO_DATA,-,-,-,-
7/3/2026 13:04,NO_DATA,-,-,-,-
7/3/2026 13:04,NO_DATA,-,-,-,-
7/3/2026 13:05,NO_DATA,-,-,-,-
7/3/2026 13:05,NO_DATA,-,-,-,-
7/3/2026 13:06,NO_DATA,-,-,-,-
7/3/2026 13:06,NO_DATA,-,-,-,-
7/3/2026 13:07,NO_DATA,-,-,-,-
7/3/2026 13:07,NO_DATA,-,-,-,-
7/3/2026 13:08,NO_DATA,-,-,-,-
7/3/2026 13:08,NO_DATA,-,-,-,-
7/3/2026 13:09,NO_DATA,-,-,-,-
7/3/2026 13:09,NO_DATA,-,-,-,-
7/3/2026 13:10,NO_DATA,-,-,-,-
7/3/2026 13:10,NO_DATA,-,-,-,-
7/3/2026 13:11,NO_DATA,-,-,-,-
7/3/2026 13:11,NO_DATA,-,-,-,-
7/3/2026 13:12,NO_DATA,-,-,-,-
7/3/2026 13:12,NO_DATA,-,-,-,-
7/3/2026 13:13,NO_DATA,-,-,-,-
7/3/2026 13:13,NO_DATA,-,-,-,-
7/3/2026 13:14,NO_DATA,-,-,-,-
7/3/2026 13:14,NO_DATA,-,-,-,-
7/3/2026 13:15,NO_DATA,-,-,-,-
7/3/2026 13:15,NO_DATA,-,-,-,-
7/3/2026 13:16,NO_DATA,-,-,-,-
7/3/2026 13:16,NO_DATA,-,-,-,-
7/3/2026 13:17,NO_DATA,-,-,-,-
7/3/2026 13:17,NO_DATA,-,-,-,-
7/3/2026 13:18,NO_DATA,-,-,-,-
7/3/2026 13:18,NO_DATA,-,-,-,-
7/3/2026 13:19,NO_DATA,-,-,-,-
7/3/2026 13:19,NO_DATA,-,-,-,-
7/3/2026 13:20,NO_DATA,-,-,-,-
7/3/2026 13:20,NO_DATA,-,-,-,-
7/3/2026 13:21,NO_DATA,-,-,-,-
7/3/2026 13:21,NO_DATA,-,-,-,-
7/3/2026 13:22,NO_DATA,-,-,-,-
7/3/2026 13:22,NO_DATA,-,-,-,-
7/3/2026 13:23,NO_DATA,-,-,-,-
7/3/2026 13:23,NO_DATA,-,-,-,-
7/3/2026 13:41,NO_DATA,-,-,-,-
7/3/2026 13:41,NO_DATA,-,-,-,-
7/3/2026 13:42,NO_DATA,-,-,-,-
7/3/2026 13:42,NO_DATA,-,-,-,-
7/3/2026 13:43,NO_DATA,-,-,-,-
7/3/2026 13:43,NO_DATA,-,-,-,-
7/3/2026 13:44,NO_DATA,-,-,-,-
7/3/2026 13:44,NO_DATA,-,-,-,-
7/3/2026 13:45,NO_DATA,-,-,-,-
7/3/2026 13:45,NO_DATA,-,-,-,-
7/3/2026 13:46,NO_DATA,-,-,-,-
7/3/2026 13:46,NO_DATA,-,-,-,-
7/3/2026 13:47,NO_DATA,-,-,-,-
7/3/2026 13:47,NO_DATA,-,-,-,-
7/3/2026 13:48,NO_DATA,-,-,-,-
7/3/2026 13:48,NO_DATA,-,-,-,-
7/3/2026 13:49,NO_DATA,-,-,-,-
7/3/2026 13:49,NO_DATA,-,-,-,-
7/3/2026 13:50,NO_DATA,-,-,-,-
7/3/2026 13:50,NO_DATA,-,-,-,-
7/3/2026 13:51,NO_DATA,-,-,-,-
7/3/2026 13:51,NO_DATA,-,-,-,-
7/3/2026 13:52,NO_DATA,-,-,-,-
7/3/2026 13:52,NO_DATA,-,-,-,-
7/3/2026 13:53,NO_DATA,-,-,-,-
7/3/2026 13:54,NO_DATA,-,-,-,-
7/3/2026 13:54,NO_DATA,-,-,-,-
7/3/2026 13:55,NO_DATA,-,-,-,-
7/3/2026 13:55,NO_DATA,-,-,-,-
7/3/2026 13:56,NO_DATA,-,-,-,-
7/3/2026 13:56,NO_DATA,-,-,-,-
7/3/2026 13:57,NO_DATA,-,-,-,-
7/3/2026 13:57,NO_DATA,-,-,-,-
7/3/2026 13:58,NO_DATA,-,-,-,-
7/3/2026 13:58,NO_DATA,-,-,-,-
7/3/2026 13:59,NO_DATA,-,-,-,-
7/3/2026 13:59,NO_DATA,-,-,-,-
7/3/2026 14:00,NO_DATA,-,-,-,-
7/3/2026 14:00,NO_DATA,-,-,-,-
7/3/2026 14:01,NO_DATA,-,-,-,-
7/3/2026 14:01,NO_DATA,-,-,-,-
7/3/2026 14:02,NO_DATA,-,-,-,-
7/3/2026 14:02,NO_DATA,-,-,-,-
7/3/2026 14:03,NO_DATA,-,-,-,-
7/3/2026 14:03,NO_DATA,-,-,-,-
7/3/2026 14:04,NO_DATA,-,-,-,-
7/3/2026 14:04,NO_DATA,-,-,-,-
7/3/2026 14:05,NO_DATA,-,-,-,-
7/3/2026 14:05,NO_DATA,-,-,-,-
7/3/2026 14:06,NO_DATA,-,-,-,-
7/3/2026 14:06,NO_DATA,-,-,-,-
7/3/2026 14:07,NO_DATA,-,-,-,-
7/3/2026 14:07,NO_DATA,-,-,-,-
7/3/2026 14:08,NO_DATA,-,-,-,-
7/3/2026 14:08,NO_DATA,-,-,-,-
7/3/2026 14:09,NO_DATA,-,-,-,-
7/3/2026 14:09,NO_DATA,-,-,-,-
7/3/2026 14:10,NO_DATA,-,-,-,-
7/3/2026 14:10,NO_DATA,-,-,-,-
7/3/2026 14:11,NO_DATA,-,-,-,-
7/3/2026 14:11,NO_DATA,-,-,-,-
7/3/2026 14:12,NO_DATA,-,-,-,-
7/3/2026 14:12,NO_DATA,-,-,-,-
7/3/2026 14:13,NO_DATA,-,-,-,-
7/3/2026 14:14,NO_DATA,-,-,-,-
7/3/2026 14:14,NO_DATA,-,-,-,-
7/3/2026 14:15,NO_DATA,-,-,-,-
7/3/2026 14:15,NO_DATA,-,-,-,-
7/3/2026 14:16,NO_DATA,-,-,-,-
7/3/2026 14:16,NO_DATA,-,-,-,-
7/3/2026 14:17,NO_DATA,-,-,-,-
7/3/2026 14:17,NO_DATA,-,-,-,-
7/3/2026 14:18,NO_DATA,-,-,-,-
7/3/2026 14:18,NO_DATA,-,-,-,-
7/3/2026 14:19,NO_DATA,-,-,-,-
7/3/2026 14:19,NO_DATA,-,-,-,-
7/3/2026 14:20,NO_DATA,-,-,-,-
7/3/2026 14:20,NO_DATA,-,-,-,-
7/3/2026 14:21,NO_DATA,-,-,-,-
7/3/2026 14:21,NO_DATA,-,-,-,-
7/3/2026 14:22,NO_DATA,-,-,-,-
7/3/2026 14:22,NO_DATA,-,-,-,-
7/3/2026 14:23,NO_DATA,-,-,-,-
7/3/2026 14:23,NO_DATA,-,-,-,-
7/3/2026 14:24,NO_DATA,-,-,-,-
7/3/2026 14:24,NO_DATA,-,-,-,-
7/3/2026 14:25,NO_DATA,-,-,-,-
7/3/2026 14:25,NO_DATA,-,-,-,-
7/3/2026 14:26,NO_DATA,-,-,-,-
7/3/2026 14:26,NO_DATA,-,-,-,-
7/3/2026 14:27,NO_DATA,-,-,-,-
7/3/2026 14:27,NO_DATA,-,-,-,-
7/3/2026 14:28,NO_DATA,-,-,-,-
7/3/2026 14:28,NO_DATA,-,-,-,-
7/3/2026 14:29,NO_DATA,-,-,-,-
7/3/2026 14:29,NO_DATA,-,-,-,-
7/3/2026 14:30,NO_DATA,-,-,-,-
7/3/2026 14:30,NO_DATA,-,-,-,-
7/3/2026 14:31,NO_DATA,-,-,-,-
7/3/2026 14:32,NO_DATA,-,-,-,-
7/3/2026 14:32,NO_DATA,-,-,-,-
7/3/2026 14:33,NO_DATA,-,-,-,-
7/3/2026 14:33,NO_DATA,-,-,-,-
7/3/2026 14:34,NO_DATA,-,-,-,-
7/3/2026 14:34,NO_DATA,-,-,-,-
7/3/2026 14:35,NO_DATA,-,-,-,-
7/3/2026 14:35,NO_DATA,-,-,-,-
7/3/2026 14:36,NO_DATA,-,-,-,-
7/3/2026 14:36,NO_DATA,-,-,-,-
7/3/2026 14:37,NO_DATA,-,-,-,-
7/3/2026 14:37,NO_DATA,-,-,-,-
7/3/2026 14:38,NO_DATA,-,-,-,-
7/3/2026 14:38,NO_DATA,-,-,-,-
7/3/2026 14:39,NO_DATA,-,-,-,-
7/3/2026 14:39,NO_DATA,-,-,-,-
7/3/2026 14:40,NO_DATA,-,-,-,-
7/3/2026 14:40,NO_DATA,-,-,-,-
7/3/2026 14:41,NO_DATA,-,-,-,-
7/3/2026 14:41,NO_DATA,-,-,-,-
7/3/2026 14:42,NO_DATA,-,-,-,-
7/3/2026 14:42,NO_DATA,-,-,-,-
7/3/2026 14:43,NO_DATA,-,-,-,-
7/3/2026 14:43,NO_DATA,-,-,-,-
7/3/2026 14:44,NO_DATA,-,-,-,-
7/3/2026 14:44,NO_DATA,-,-,-,-
7/3/2026 14:45,NO_DATA,-,-,-,-
7/3/2026 14:45,NO_DATA,-,-,-,-
7/3/2026 14:46,NO_DATA,-,-,-,-
7/3/2026 14:47,NO_DATA,-,-,-,-
7/3/2026 14:47,NO_DATA,-,-,-,-
7/3/2026 14:48,NO_DATA,-,-,-,-
7/3/2026 14:48,NO_DATA,-,-,-,-
7/3/2026 14:49,NO_DATA,-,-,-,-
7/3/2026 14:49,NO_DATA,-,-,-,-
7/3/2026 14:50,NO_DATA,-,-,-,-
7/3/2026 14:50,NO_DATA,-,-,-,-
7/3/2026 14:51,NO_DATA,-,-,-,-
7/3/2026 14:51,NO_DATA,-,-,-,-
7/3/2026 14:52,NO_DATA,-,-,-,-
7/3/2026 14:52,NO_DATA,-,-,-,-
7/3/2026 14:53,NO_DATA,-,-,-,-
7/3/2026 14:53,NO_DATA,-,-,-,-
7/3/2026 15:05,NO_DATA,-,-,-,-
7/3/2026 16:33,NO_DATA,-,-,-,-
7/3/2026 16:34,485785,KLM810,3.9688,100.8488,6842.76
7/3/2026 16:34,485785,KLM810,3.9688,100.8488,6842.76
7/3/2026 16:34,75047d,N/A,3.5915,101.8926,6880.86
7/3/2026 16:35,485785,KLM810,3.9688,100.8488,6842.76
7/3/2026 16:35,75047d,AXM889,3.5246,101.8968,6758.94
7/3/2026 16:35,485785,KLM810,3.9688,100.8488,6842.76
7/3/2026 16:35,75047d,AXM889,3.5001,101.8985,6713.22
7/3/2026 16:36,485785,KLM810,3.9688,100.8488,6842.76
7/3/2026 16:36,78124b,CSH861,3.6097,101.8755,7162.8
7/3/2026 16:36,485785,KLM810,3.9688,100.8488,6842.76
7/3/2026 16:36,78124b,CSH861,3.5725,101.8627,6979.92
7/3/2026 16:37,485785,KLM810,3.9688,100.8488,6842.76
7/3/2026 16:37,78124b,CSH861,3.5176,101.8443,6705.6
7/3/2026 16:37,NO_DATA,-,-,-,-
7/3/2026 16:38,NO_DATA,-,-,-,-
7/3/2026 16:38,NO_DATA,-,-,-,-
7/3/2026 16:39,NO_DATA,-,-,-,-
7/3/2026 16:39,7c492b,QFA1,3.5019,101.7664,8823.96
7/3/2026 16:40,7c492b,QFA1,3.5388,101.7289,8869.68
7/3/2026 16:41,7c492b,QFA1,3.587,101.68,8945.88
7/3/2026 16:41,7815a2,CSC3994,3.519,101.7623,5516.88
7/3/2026 16:41,7c492b,QFA1,3.6307,101.6355,9006.84
7/3/2026 16:41,7815a2,CSC3994,3.5912,101.7908,5798.82
7/3/2026 16:42,7c492b,QFA1,3.6673,101.5982,9075.42
7/3/2026 16:42,7815a2,CSC3994,3.6302,101.8062,5974.08
7/3/2026 16:42,7c492b,QFA1,3.7245,101.5401,9144
7/3/2026 16:42,7815a2,CSC3994,3.6836,101.8272,6187.44
7/3/2026 16:43,7c492b,QFA1,3.7767,101.4877,9144
7/3/2026 16:43,7815a2,CSC3994,3.6836,101.8272,6187.44
7/3/2026 16:43,7c492b,QFA1,3.7767,101.4877,9144
7/3/2026 16:43,7815a2,CSC3994,3.6836,101.8272,6187.44
7/3/2026 16:43,7504af,AXM897,3.5888,101.8685,6758.94
7/3/2026 16:44,7c492b,QFA1,3.8413,101.4352,9144
7/3/2026 16:44,76cd75,SIA322,3.8624,101.8775,9677.4
7/3/2026 16:44,7815a2,CSC3994,3.6836,101.8272,6187.44
7/3/2026 16:44,7504af,AXM897,3.5368,101.8511,6705.6
7/3/2026 16:44,7c492b,QFA1,3.8413,101.4352,9144
7/3/2026 16:44,76cd75,SIA322,3.8624,101.8775,9677.4
7/3/2026 16:44,7815a2,CSC3994,3.6836,101.8272,6187.44
7/3/2026 16:45,7c492b,QFA1,3.8413,101.4352,9144
7/3/2026 16:45,76cd75,SIA322,4.0048,101.7612,9906
7/3/2026 16:45,7815a2,CSC3994,3.6836,101.8272,6187.44
7/3/2026 16:45,7c492b,QFA1,3.8413,101.4352,9144
7/3/2026 16:45,76cd75,SIA322,4.0048,101.7612,9906
7/3/2026 16:45,7815a2,CSC3994,3.6836,101.8272,6187.44
7/3/2026 16:46,7c492b,QFA1,3.8413,101.4352,9144
7/3/2026 16:46,76cd75,SIA322,4.0048,101.7612,9906
7/3/2026 16:46,7815a2,CSC3994,3.6836,101.8272,6187.44
7/3/2026 16:46,7c492b,QFA1,3.8413,101.4352,9144
7/3/2026 16:46,76cd75,SIA322,4.0048,101.7612,9906
7/3/2026 16:46,7815a2,CSC3994,3.6836,101.8272,6187.44
7/3/2026 16:47,7c492b,QFA1,3.8413,101.4352,9144
7/3/2026 16:47,76cd44,SIA378,3.5191,101.8005,9250.68
7/3/2026 16:47,76cd75,SIA322,4.0048,101.7612,9906
7/3/2026 16:47,7815a2,CSC3994,3.6836,101.8272,6187.44
7/3/2026 16:47,7c492b,QFA1,3.8413,101.4352,9144
7/3/2026 16:47,76cd44,SIA378,3.5767,101.7327,9296.4
7/3/2026 16:47,76cd75,SIA322,4.0048,101.7612,9906
7/3/2026 16:47,750451,AXM26,3.7047,99.4541,11003.28
7/3/2026 16:48,7c492b,QFA1,3.8413,101.4352,9144
7/3/2026 16:48,76cd44,SIA378,3.613,101.69,9372.6
7/3/2026 16:48,76cd75,SIA322,4.0048,101.7612,9906
7/3/2026 16:48,750451,AXM26,3.6868,99.5033,10881.36
7/3/2026 16:48,7c492b,QFA1,3.8413,101.4352,9144
7/3/2026 16:48,76cd44,SIA378,3.6676,101.6259,9456.42
7/3/2026 16:48,76cd75,SIA322,4.0048,101.7612,9906
7/3/2026 16:48,750451,AXM26,3.6758,99.5336,10805.16
7/3/2026 16:49,76cd44,SIA378,3.7148,101.5704,9517.38
7/3/2026 16:49,76cd75,SIA322,4.0048,101.7612,9906
7/3/2026 16:49,750451,AXM26,3.6758,99.5336,10805.16
7/3/2026 16:49,76cd44,SIA378,3.7473,101.5323,9563.1
7/3/2026 16:49,76cd75,SIA322,4.0048,101.7612,9906
7/3/2026 16:49,750451,AXM26,3.6758,99.5336,10805.16
7/3/2026 16:50,76cd44,SIA378,3.7926,101.4851,9639.3
7/3/2026 16:50,76cd75,SIA322,4.0048,101.7612,9906
7/3/2026 16:50,750451,AXM26,3.6758,99.5336,10805.16
7/3/2026 16:50,76cd44,SIA378,3.8713,101.4214,9768.84
7/3/2026 16:50,750451,AXM26,3.6758,99.5336,10805.16
7/3/2026 16:51,76cd44,SIA378,3.8713,101.4214,9768.84
7/3/2026 16:51,750451,AXM26,3.6758,99.5336,10805.16
7/3/2026 16:51,76cd44,SIA378,3.9527,101.3718,9883.14
7/3/2026 16:51,750451,AXM26,3.6758,99.5336,10805.16
7/3/2026 16:52,76cd44,SIA378,3.9527,101.3718,9883.14
7/3/2026 16:52,750451,AXM26,3.6758,99.5336,10805.16
7/3/2026 16:52,3c4acd,DLH781,3.5512,101.675,8534.4
7/3/2026 16:52,76cd44,SIA378,3.9527,101.3718,9883.14
7/3/2026 16:52,750451,AXM26,3.6758,99.5336,10805.16
7/3/2026 16:53,3c4acd,DLH781,3.5869,101.6437,8534.4
7/3/2026 16:53,76cd44,SIA378,3.9527,101.3718,9883.14
7/3/2026 16:53,750451,AXM26,3.6758,99.5336,10805.16
7/3/2026 16:53,3c4acd,DLH781,3.6481,101.5901,8534.4
7/3/2026 16:53,76cd44,SIA378,3.9527,101.3718,9883.14
7/3/2026 16:53,750451,AXM26,3.6758,99.5336,10805.16
7/3/2026 16:54,3c4acd,DLH781,3.7003,101.5444,8534.4
7/3/2026 16:54,76cd44,SIA378,3.9527,101.3718,9883.14
7/3/2026 16:54,76cdb5,SIA324,3.555,101.9464,9052.56
7/3/2026 16:54,750451,AXM26,3.6758,99.5336,10805.16
7/3/2026 16:54,3c4acd,DLH781,3.7414,101.5085,8534.4
7/3/2026 16:54,76cd44,SIA378,3.9527,101.3718,9883.14
7/3/2026 16:54,7502c3,MXD631,3.8608,101.9943,7924.8
7/3/2026 16:54,76cdb5,SIA324,3.5794,101.8818,9136.38
7/3/2026 16:54,750451,AXM26,3.6758,99.5336,10805.16
7/3/2026 16:55,3c4acd,DLH781,3.818,101.4424,8534.4
7/3/2026 16:55,76cd44,SIA378,3.9527,101.3718,9883.14
7/3/2026 16:55,7502c3,MXD631,3.8061,101.9657,7566.66
7/3/2026 16:55,76cdb5,SIA324,3.604,101.8164,9204.96
7/3/2026 16:55,750451,AXM26,3.6758,99.5336,10805.16
7/3/2026 16:55,3c4acd,DLH781,3.818,101.4424,8534.4
7/3/2026 16:55,76cd44,SIA378,3.9527,101.3718,9883.14
7/3/2026 16:55,7502c3,MXD631,3.8061,101.9657,7566.66
7/3/2026 16:55,76cdb5,SIA324,3.6323,101.7455,9273.54
7/3/2026 16:55,750451,AXM26,3.6758,99.5336,10805.16
7/3/2026 16:56,3c4acd,DLH781,3.818,101.4424,8534.4
7/3/2026 16:56,76cd44,SIA378,3.9527,101.3718,9883.14
7/3/2026 16:56,7502c3,MXD631,3.8061,101.9657,7566.66
7/3/2026 16:56,76cdb5,SIA324,3.6668,101.6911,9296.4
7/3/2026 16:56,750451,AXM26,3.6758,99.5336,10805.16
7/3/2026 16:56,3c4acd,DLH781,3.818,101.4424,8534.4
7/3/2026 16:56,7502c3,MXD631,3.6424,101.8867,6766.56
7/3/2026 16:56,76cdb5,SIA324,3.7001,101.6457,9326.88
7/3/2026 16:57,3c4acd,DLH781,3.818,101.4424,8534.4
7/3/2026 16:57,7502c3,MXD631,3.5725,101.863,6697.98
7/3/2026 16:57,76cdb5,SIA324,3.7721,101.5976,9372.6
7/3/2026 16:57,3c4acd,DLH781,3.818,101.4424,8534.4
7/3/2026 16:57,7502c3,MXD631,3.5164,101.8478,6316.98
7/3/2026 16:57,76cdb5,SIA324,3.818,101.5747,9395.46
7/3/2026 16:58,3c4acd,DLH781,3.818,101.4424,8534.4
7/3/2026 16:58,76cdb5,SIA324,3.818,101.5747,9395.46
7/3/2026 16:58,3c4acd,DLH781,3.818,101.4424,8534.4
7/3/2026 16:58,76cdb5,SIA324,3.9568,101.5014,9509.76
7/3/2026 16:59,3c4acd,DLH781,3.818,101.4424,8534.4
7/3/2026 16:59,76cdb5,SIA324,3.9568,101.5014,9509.76
7/3/2026 17:00,3c4acd,DLH781,3.818,101.4424,8534.4
7/3/2026 17:00,76cdb5,SIA324,3.9568,101.5014,9509.76
7/3/2026 17:00,3c4acd,DLH781,3.818,101.4424,8534.4
7/3/2026 17:00,76cdb5,SIA324,3.9568,101.5014,9509.76
7/3/2026 17:01,76cdb5,SIA324,3.9568,101.5014,9509.76
7/3/2026 17:01,76cdb5,SIA324,3.9568,101.5014,9509.76
7/3/2026 17:02,76cdb5,SIA324,3.9568,101.5014,9509.76
7/3/2026 17:02,76cdb5,SIA324,3.9568,101.5014,9509.76
7/3/2026 17:02,7815c8,JYH1271,3.839,101.983,7909.56
7/3/2026 17:03,76cdb5,SIA324,3.9568,101.5014,9509.76
7/3/2026 17:03,7815c8,JYH1271,3.839,101.983,7909.56
7/3/2026 17:03,76cdb5,SIA324,3.9568,101.5014,9509.76
7/3/2026 17:03,7815c8,JYH1271,3.839,101.983,7909.56
7/3/2026 17:04,76cdb5,SIA324,3.9568,101.5014,9509.76
7/3/2026 17:04,7815c8,JYH1271,3.6393,101.8855,7307.58
7/3/2026 17:04,7815c8,JYH1271,3.5915,101.8693,7162.8
7/3/2026 17:05,7815c8,JYH1271,3.532,101.8491,6995.16
7/3/2026 17:05,780479,CXA857,3.6816,101.9881,7719.06
7/3/2026 17:06,780479,CXA857,3.6508,101.9003,7620
7/3/2026 17:06,780479,CXA857,3.5949,101.8707,7536.18
7/3/2026 17:07,780479,CXA857,3.5523,101.856,7261.86
7/3/2026 17:07,NO_DATA,-,-,-,-
7/3/2026 17:08,NO_DATA,-,-,-,-
7/3/2026 17:08,NO_DATA,-,-,-,-
7/3/2026 17:09,NO_DATA,-,-,-,-
7/3/2026 17:09,NO_DATA,-,-,-,-
7/3/2026 17:10,NO_DATA,-,-,-,-
7/3/2026 17:10,NO_DATA,-,-,-,-
7/3/2026 17:11,NO_DATA,-,-,-,-
7/3/2026 17:11,76cdb4,SIA352,3.5527,101.7555,9128.76
7/3/2026 17:12,76cdb4,SIA352,3.5721,101.7332,9144
7/3/2026 17:12,76cdb4,SIA352,3.6448,101.6502,9204.96
7/3/2026 17:12,78197e,CSC3774,3.5732,101.682,6103.62
7/3/2026 17:13,76cdb4,SIA352,3.6755,101.615,9243.06
7/3/2026 17:13,78197e,CSC3774,3.6085,101.6827,6316.98
7/3/2026 17:13,76cdb4,SIA352,3.7278,101.555,9288.78
7/3/2026 17:13,78197e,CSC3774,3.7062,101.6859,6941.82
7/3/2026 17:14,76cdb4,SIA352,3.7621,101.5157,9349.74
7/3/2026 17:14,78197e,CSC3774,3.7218,101.6861,7025.64
7/3/2026 17:14,76cdb4,SIA352,3.8233,101.4455,9479.28
7/3/2026 17:14,78197e,CSC3774,3.8227,101.6884,7475.22
7/3/2026 17:15,76cdb4,SIA352,3.8233,101.4455,9479.28
7/3/2026 17:15,750586,AXM117,3.636,101.8861,6530.34
7/3/2026 17:15,78197e,CSC3774,3.8796,101.69,7703.82
7/3/2026 17:15,76cdb4,SIA352,3.8233,101.4455,9479.28
7/3/2026 17:15,750586,AXM117,3.5903,101.8758,6408.42
7/3/2026 17:15,78197e,CSC3774,3.9233,101.6917,7879.08
7/3/2026 17:16,76cdb4,SIA352,3.9409,101.3105,9601.2
7/3/2026 17:16,750586,AXM117,3.5306,101.8751,6263.64
7/3/2026 17:16,78197e,CSC3774,3.9307,101.692,7909.56
7/3/2026 17:16,76cdb4,SIA352,3.9409,101.3105,9601.2
7/3/2026 17:16,78197e,CSC3774,3.9307,101.692,7909.56
7/3/2026 17:17,76cdb4,SIA352,3.9409,101.3105,9601.2
7/3/2026 17:17,78197e,CSC3774,3.9307,101.692,7909.56
7/3/2026 17:17,76cdb4,SIA352,3.9409,101.3105,9601.2
7/3/2026 17:17,78197e,CSC3774,3.9307,101.692,7909.56
7/3/2026 17:18,76cda6,SIA328,3.5283,101.8619,9144
7/3/2026 17:18,76cdb4,SIA352,3.9409,101.3105,9601.2
7/3/2026 17:18,78197e,CSC3774,3.9307,101.692,7909.56
7/3/2026 17:19,76cda6,SIA328,3.5576,101.8283,9144
7/3/2026 17:19,76cdb4,SIA352,3.9409,101.3105,9601.2
7/3/2026 17:19,78197e,CSC3774,3.9307,101.692,7909.56
7/3/2026 17:19,78136f,CSH813,3.5725,101.8696,5905.5
7/3/2026 17:19,76cda6,SIA328,3.6115,101.7665,9144
7/3/2026 17:19,76cdb4,SIA352,3.9409,101.3105,9601.2
7/3/2026 17:19,78197e,CSC3774,3.9307,101.692,7909.56
7/3/2026 17:20,78136f,CSH813,3.5328,101.8693,5707.38
7/3/2026 17:20,76cda6,SIA328,3.6494,101.7229,9144
7/3/2026 17:20,76cdb4,SIA352,3.9409,101.3105,9601.2
7/3/2026 17:20,78197e,CSC3774,3.9307,101.692,7909.56
7/3/2026 17:20,76cda6,SIA328,3.7026,101.6615,9144
7/3/2026 17:20,76cdb4,SIA352,3.9409,101.3105,9601.2
7/3/2026 17:20,78197e,CSC3774,3.9307,101.692,7909.56
7/3/2026 17:21,76cda6,SIA328,3.7445,101.6136,9144
7/3/2026 17:21,76cdb4,SIA352,3.9409,101.3105,9601.2
7/3/2026 17:21,78197e,CSC3774,3.9307,101.692,7909.56
7/3/2026 17:21,76cda6,SIA328,3.7903,101.5758,9144
7/3/2026 17:21,78197e,CSC3774,3.9307,101.692,7909.56
7/3/2026 17:22,76cda6,SIA328,3.8536,101.5443,9151.62
7/3/2026 17:22,78197e,CSC3774,3.9307,101.692,7909.56
7/3/2026 17:22,76cda6,SIA328,3.9307,101.5045,9144
7/3/2026 17:23,76cda6,SIA328,3.9307,101.5045,9144
7/3/2026 17:23,76cda6,SIA328,3.9307,101.5045,9144
7/3/2026 17:24,76cda6,SIA328,3.9307,101.5045,9144
7/3/2026 17:24,76cda6,SIA328,3.9307,101.5045,9144
7/3/2026 17:25,76cda6,SIA328,3.9307,101.5045,9144
7/3/2026 17:25,76cda6,SIA328,3.9307,101.5045,9144
7/3/2026 17:26,76cda6,SIA328,3.9307,101.5045,9144
7/3/2026 17:26,76cda6,SIA328,3.9307,101.5045,9144
7/3/2026 17:27,76cda6,SIA328,3.9307,101.5045,9144
7/3/2026 17:27,4b1919,SWR177,3.5306,101.558,9144
7/3/2026 17:28,4b1919,SWR177,3.5653,101.5427,9144
7/3/2026 17:28,4b1919,SWR177,3.6616,101.4999,9144
7/3/2026 17:29,4b1919,SWR177,3.7025,101.4817,9144
7/3/2026 17:29,4b1919,SWR177,3.7752,101.4493,9144
7/3/2026 17:30,4b1919,SWR177,3.7862,101.4444,9144
7/3/2026 17:30,4b1919,SWR177,3.7862,101.4444,9144
7/3/2026 17:31,4b1919,SWR177,3.7862,101.4444,9144
7/3/2026 17:31,4b1919,SWR177,3.7862,101.4444,9144
7/3/2026 17:32,4b1919,SWR177,3.7862,101.4444,9144
7/3/2026 17:32,800742,AIC301,3.5244,101.782,12192
7/3/2026 17:32,4b1919,SWR177,3.7862,101.4444,9144
7/3/2026 17:33,781d9e,CES2970,3.513,101.8767,6713.22
7/3/2026 17:33,800742,AIC301,3.5787,101.7203,12184.38
7/3/2026 17:33,4b1919,SWR177,3.7862,101.4444,9144
7/3/2026 17:33,781d9e,CES2970,3.5621,101.9113,6964.68
7/3/2026 17:33,800742,AIC301,3.6259,101.6666,12184.38
7/3/2026 17:33,4b1919,SWR177,3.7862,101.4444,9144
7/3/2026 17:34,781d9e,CES2970,3.6009,101.9385,7155.18
7/3/2026 17:34,800742,AIC301,3.6722,101.6139,12184.38
7/3/2026 17:34,4b1919,SWR177,3.7862,101.4444,9144
7/3/2026 17:34,781d9e,CES2970,3.6009,101.9385,7155.18
7/3/2026 17:34,800742,AIC301,3.7194,101.5602,12184.38
7/3/2026 17:34,4b1919,SWR177,3.7862,101.4444,9144
7/3/2026 17:35,781d9e,CES2970,3.6759,101.9913,7520.94
7/3/2026 17:35,800742,AIC301,3.7585,101.5158,12192
7/3/2026 17:35,781d9e,CES2970,3.6759,101.9913,7520.94
7/3/2026 17:35,800742,AIC301,3.8174,101.4498,12192
7/3/2026 17:36,800742,AIC301,3.8406,101.4294,12184.38
7/3/2026 17:37,800742,AIC301,3.9163,101.3866,12192
7/3/2026 17:37,800742,AIC301,3.9163,101.3866,12192
7/3/2026 17:38,800742,AIC301,3.9163,101.3866,12192
7/3/2026 17:38,800742,AIC301,3.9163,101.3866,12192
7/3/2026 17:39,800742,AIC301,3.9163,101.3866,12192
7/3/2026 17:39,800742,AIC301,3.9163,101.3866,12192
7/3/2026 17:40,800742,AIC301,3.9163,101.3866,12192
7/3/2026 17:40,800742,AIC301,3.9163,101.3866,12192
7/3/2026 17:40,75044b,MAS7004,3.535,101.0858,5280.66
7/3/2026 17:41,800742,AIC301,3.9163,101.3866,12192
7/3/2026 17:41,75044b,MAS7004,3.5718,101.0576,5463.54
7/3/2026 17:41,800742,AIC301,3.9163,101.3866,12192
7/3/2026 17:41,75044b,MAS7004,3.5966,101.0385,5638.8
7/3/2026 17:42,75044b,MAS7004,3.5966,101.0385,5638.8
7/3/2026 17:42,75044b,MAS7004,3.7311,100.9545,6057.9
7/3/2026 17:43,75044b,MAS7004,3.8022,100.9232,6233.16
7/3/2026 17:43,75044b,MAS7004,3.8529,100.9005,6400.8
7/3/2026 17:44,75044b,MAS7004,3.8877,100.885,6507.48
7/3/2026 17:44,75044b,MAS7004,3.9661,100.85,6652.26
7/3/2026 17:45,75044b,MAS7004,3.9899,100.8395,6690.36
7/3/2026 17:45,750208,MAS208,3.5296,101.2331,5935.98
7/3/2026 17:45,75044b,MAS7004,3.9899,100.8395,6690.36
7/3/2026 17:46,750208,MAS208,3.5731,101.1984,6149.34
7/3/2026 17:46,75044b,MAS7004,3.9899,100.8395,6690.36
7/3/2026 17:46,750208,MAS208,3.6138,101.1535,6400.8
7/3/2026 17:46,75044b,MAS7004,3.9899,100.8395,6690.36
7/3/2026 17:47,750208,MAS208,3.6529,101.1104,6614.16
7/3/2026 17:47,75044b,MAS7004,3.9899,100.8395,6690.36
7/3/2026 17:47,750208,MAS208,3.6916,101.0674,6827.52
7/3/2026 17:47,75044b,MAS7004,3.9899,100.8395,6690.36
7/3/2026 17:48,750208,MAS208,3.7243,101.0314,6987.54
7/3/2026 17:48,75044b,MAS7004,3.9899,100.8395,6690.36
7/3/2026 17:48,7.50E+11,KXP220,3.557,101.9522,6179.82
7/3/2026 17:48,750208,MAS208,3.7686,100.9701,7231.38
7/3/2026 17:48,75044b,MAS7004,3.9899,100.8395,6690.36
7/3/2026 17:48,7.50E+11,KXP220,3.557,101.9522,6179.82
7/3/2026 17:49,750208,MAS208,3.7742,100.957,7292.34
7/3/2026 17:49,75044b,MAS7004,3.9899,100.8395,6690.36
7/3/2026 17:49,7.50E+11,KXP220,3.557,101.9522,6179.82
7/3/2026 17:49,750208,MAS208,3.7742,100.957,7292.34
7/3/2026 17:49,75044b,MAS7004,4.4557,100.4147,7909.56
7/3/2026 17:49,7.50E+11,KXP220,3.557,101.9522,6179.82
7/3/2026 17:50,750208,MAS208,3.7742,100.957,7292.34
7/3/2026 17:50,75044b,MAS7004,4.4557,100.4147,7909.56
7/3/2026 17:50,7.50E+11,KXP220,3.557,101.9522,6179.82
7/3/2026 17:50,750208,MAS208,3.7742,100.957,7292.34
7/3/2026 17:50,75044b,MAS7004,4.5187,100.3553,8115.3
7/3/2026 17:50,7.50E+11,KXP220,3.557,101.9522,6179.82
7/3/2026 17:51,750208,MAS208,3.7742,100.957,7292.34
7/3/2026 17:51,75044b,MAS7004,4.5187,100.3553,8115.3
7/3/2026 17:51,7.50E+11,KXP220,3.557,101.9522,6179.82
7/3/2026 17:51,750208,MAS208,3.7742,100.957,7292.34
7/3/2026 17:51,75044b,MAS7004,4.5187,100.3553,8115.3
7/3/2026 17:51,7.50E+11,KXP220,3.557,101.9522,6179.82
7/3/2026 17:52,750208,MAS208,3.7742,100.957,7292.34
7/3/2026 17:52,75044b,MAS7004,4.5187,100.3553,8115.3
7/3/2026 17:52,7.50E+11,KXP220,3.557,101.9522,6179.82
7/3/2026 17:52,750208,MAS208,3.7742,100.957,7292.34
7/3/2026 17:52,75044b,MAS7004,4.5187,100.3553,8115.3
7/3/2026 17:53,750208,MAS208,3.7742,100.957,7292.34
7/3/2026 17:53,75044b,MAS7004,4.5187,100.3553,8115.3
7/3/2026 17:53,750208,MAS208,3.7742,100.957,7292.34
7/3/2026 17:53,75044b,MAS7004,4.5187,100.3553,8115.3
7/3/2026 17:54,8014d6,N/A,3.7618,100.6876,11285.22
7/3/2026 17:54,75044b,MAS7004,4.5187,100.3553,8115.3
7/3/2026 17:55,8014d6,IGO1001,3.7047,100.7422,11285.22
7/3/2026 17:55,75044b,MAS7004,4.5187,100.3553,8115.3
7/3/2026 17:55,8014d6,IGO1001,3.6514,100.7947,11277.6
7/3/2026 17:55,75044b,MAS7004,4.5187,100.3553,8115.3
7/3/2026 17:56,8014d6,IGO1001,3.6072,100.8418,11277.6
7/3/2026 17:56,8014d6,IGO1001,3.5659,100.8864,11269.98
7/3/2026 17:57,8014d6,IGO1001,3.5179,100.9375,11277.6
7/3/2026 17:57,NO_DATA,-,-,-,-
7/3/2026 17:58,NO_DATA,-,-,-,-
7/3/2026 17:58,NO_DATA,-,-,-,-
7/3/2026 17:59,NO_DATA,-,-,-,-
7/3/2026 17:59,NO_DATA,-,-,-,-
7/3/2026 18:00,781782,CDG8077,3.785,101.9547,8161.02
7/3/2026 18:00,781782,CDG8077,3.785,101.9547,8161.02
7/3/2026 18:01,781782,CDG8077,3.6799,101.9004,7551.42
7/3/2026 18:01,781782,CDG8077,3.5987,101.8716,7101.84
7/3/2026 18:02,781782,CDG8077,3.5987,101.8716,7101.84
7/3/2026 18:02,NO_DATA,-,-,-,-
7/3/2026 18:03,NO_DATA,-,-,-,-
7/3/2026 18:03,NO_DATA,-,-,-,-
7/3/2026 18:04,NO_DATA,-,-,-,-
7/3/2026 18:04,NO_DATA,-,-,-,-
7/3/2026 18:05,NO_DATA,-,-,-,-
7/3/2026 18:05,NO_DATA,-,-,-,-
7/3/2026 18:06,NO_DATA,-,-,-,-
7/3/2026 18:06,NO_DATA,-,-,-,-
7/3/2026 18:07,NO_DATA,-,-,-,-
7/3/2026 18:07,7c1471,N/A,3.602,101.3168,10668
7/3/2026 18:08,7c1471,QFA70,3.5559,101.3408,10668
7/3/2026 18:08,NO_DATA,-,-,-,-
7/3/2026 18:09,NO_DATA,-,-,-,-
7/3/2026 18:09,NO_DATA,-,-,-,-
7/3/2026 18:10,NO_DATA,-,-,-,-
7/3/2026 18:10,NO_DATA,-,-,-,-
7/3/2026 18:11,NO_DATA,-,-,-,-
7/3/2026 18:11,NO_DATA,-,-,-,-
7/3/2026 18:12,NO_DATA,-,-,-,-
7/3/2026 18:13,NO_DATA,-,-,-,-
7/3/2026 18:13,NO_DATA,-,-,-,-
7/3/2026 18:14,NO_DATA,-,-,-,-
7/3/2026 18:14,NO_DATA,-,-,-,-
7/3/2026 18:15,NO_DATA,-,-,-,-
7/3/2026 18:15,NO_DATA,-,-,-,-
7/3/2026 18:16,NO_DATA,-,-,-,-
7/3/2026 18:16,NO_DATA,-,-,-,-
7/3/2026 18:17,NO_DATA,-,-,-,-
7/3/2026 18:17,NO_DATA,-,-,-,-
7/3/2026 18:18,NO_DATA,-,-,-,-
7/3/2026 18:18,NO_DATA,-,-,-,-
7/3/2026 18:19,NO_DATA,-,-,-,-
7/3/2026 18:19,801648,N/A,3.6436,101.2946,10668
7/3/2026 18:20,801648,N/A,3.6135,101.3103,10668
7/3/2026 18:20,801648,IGO1017,3.5285,101.3547,10668
7/3/2026 18:21,NO_DATA,-,-,-,-
7/3/2026 18:21,NO_DATA,-,-,-,-
7/3/2026 18:22,NO_DATA,-,-,-,-
7/3/2026 18:22,NO_DATA,-,-,-,-
7/3/2026 18:23,NO_DATA,-,-,-,-
7/3/2026 18:23,NO_DATA,-,-,-,-
7/3/2026 18:24,NO_DATA,-,-,-,-
7/3/2026 18:24,NO_DATA,-,-,-,-
7/3/2026 18:25,NO_DATA,-,-,-,-
7/3/2026 18:25,NO_DATA,-,-,-,-
7/3/2026 18:26,NO_DATA,-,-,-,-
7/3/2026 18:26,NO_DATA,-,-,-,-
7/3/2026 18:27,NO_DATA,-,-,-,-
7/3/2026 18:27,NO_DATA,-,-,-,-
7/3/2026 18:28,NO_DATA,-,-,-,-
7/3/2026 18:28,NO_DATA,-,-,-,-
7/3/2026 18:29,NO_DATA,-,-,-,-
7/3/2026 18:29,NO_DATA,-,-,-,-
7/3/2026 18:30,NO_DATA,-,-,-,-
7/3/2026 18:31,781ba8,CES857,3.8432,101.9859,8237.22
7/3/2026 18:31,781ba8,CES857,3.8432,101.9859,8237.22
7/3/2026 18:32,781ba8,CES857,3.8432,101.9859,8237.22
7/3/2026 18:32,781ba8,CES857,3.8432,101.9859,8237.22
7/3/2026 18:33,781ba8,CES857,3.8432,101.9859,8237.22
7/3/2026 18:33,781ba8,CES857,3.5234,101.8475,6492.24
7/3/2026 18:34,4850f5,KLM836,3.5229,101.5615,9144
7/3/2026 18:34,4850f5,KLM836,3.6006,101.5269,9144
7/3/2026 18:35,4850f5,KLM836,3.6469,101.5064,9144
7/3/2026 18:35,4850f5,KLM836,3.7189,101.4744,9144
7/3/2026 18:36,4850f5,KLM836,3.7843,101.4453,9144
7/3/2026 18:36,4850f5,KLM836,3.7843,101.4453,9144
7/3/2026 18:37,4850f5,KLM836,3.7843,101.4453,9144
7/3/2026 18:37,4850f5,KLM836,3.7843,101.4453,9144
7/3/2026 18:38,4850f5,KLM836,3.7843,101.4453,9144
7/3/2026 18:38,7.80E+71,N/A,3.7892,101.9575,7658.1
7/3/2026 18:38,4850f5,KLM836,3.7843,101.4453,9144
7/3/2026 18:39,7.80E+71,N/A,3.7892,101.9575,7658.1
7/3/2026 18:39,4850f5,KLM836,3.7843,101.4453,9144
7/3/2026 18:39,7.80E+71,N/A,3.7892,101.9575,7658.1
7/3/2026 18:39,4850f5,KLM836,3.7843,101.4453,9144
7/3/2026 18:40,7.80E+71,CSZ333,3.6046,101.8741,7139.94
7/3/2026 18:40,4850f5,KLM836,3.7843,101.4453,9144
7/3/2026 18:40,7.80E+71,CSZ333,3.5461,101.8548,6995.16
7/3/2026 18:40,4850f5,KLM836,3.7843,101.4453,9144
7/3/2026 18:41,7.80E+71,CSZ333,3.5053,101.8484,6873.24
7/3/2026 18:41,4850f5,KLM836,3.7843,101.4453,9144
7/3/2026 18:41,NO_DATA,-,-,-,-
7/3/2026 18:42,NO_DATA,-,-,-,-
7/3/2026 18:42,NO_DATA,-,-,-,-
7/3/2026 18:43,NO_DATA,-,-,-,-
7/3/2026 18:43,NO_DATA,-,-,-,-
7/3/2026 18:44,76cdb2,SIA366,3.5423,101.7673,9936.48
7/3/2026 18:44,76cdb2,SIA366,3.5901,101.7139,9997.44
7/3/2026 18:45,76cdb2,SIA366,3.6238,101.6782,10035.54
7/3/2026 18:45,76cdb2,SIA366,3.6834,101.6148,10096.5
7/3/2026 18:46,76cdb2,SIA366,3.7228,101.5722,10165.08
7/3/2026 18:46,76cdb2,SIA366,3.7438,101.5494,10195.56
7/3/2026 18:47,76cdb2,SIA366,3.799,101.4897,10241.28
7/3/2026 18:47,76cdb2,SIA366,3.8616,101.422,10309.86
7/3/2026 18:48,76cdb2,SIA366,3.8616,101.422,10309.86
7/3/2026 18:48,76cdb2,SIA366,3.9608,101.3146,10416.54
7/3/2026 18:49,702067,BBC387,3.5299,101.4823,5212.08
7/3/2026 18:49,76cdb2,SIA366,3.9807,101.2932,10431.78
7/3/2026 18:50,702067,BBC387,3.5299,101.4823,5212.08
7/3/2026 18:50,76cdb2,SIA366,3.9807,101.2932,10431.78
7/3/2026 18:50,702067,BBC387,3.5299,101.4823,5212.08
7/3/2026 18:50,76cdb2,SIA366,3.9807,101.2932,10431.78
7/3/2026 18:51,702067,BBC387,3.5299,101.4823,5212.08
7/3/2026 18:51,76cdb2,SIA366,3.9807,101.2932,10431.78
7/3/2026 18:51,702067,BBC387,3.5299,101.4823,5212.08
7/3/2026 18:51,76cdb2,SIA366,3.9807,101.2932,10431.78
7/3/2026 18:52,702067,BBC387,3.5299,101.4823,5212.08
7/3/2026 18:52,76cdb2,SIA366,3.9807,101.2932,10431.78
7/3/2026 18:52,702067,BBC387,3.5299,101.4823,5212.08
7/3/2026 18:52,7813b0,CSN8072,3.5049,101.9283,6347.46
7/3/2026 18:52,76cdb2,SIA366,3.9807,101.2932,10431.78
7/3/2026 18:53,702067,BBC387,3.5299,101.4823,5212.08
7/3/2026 18:53,7813b0,CSN8072,3.5414,101.9525,6530.34
7/3/2026 18:53,76cdb2,SIA366,3.9807,101.2932,10431.78
7/3/2026 18:53,702067,BBC387,3.5299,101.4823,5212.08
7/3/2026 18:53,7813b0,CSN8072,3.608,101.9966,6850.38
7/3/2026 18:53,76cdb2,SIA366,3.9807,101.2932,10431.78
7/3/2026 18:54,702067,BBC387,3.5299,101.4823,5212.08
7/3/2026 18:54,7813b0,CSN8072,3.608,101.9966,6850.38
7/3/2026 18:54,76cdb2,SIA366,3.9807,101.2932,10431.78
7/3/2026 18:54,702067,BBC387,3.5299,101.4823,5212.08
7/3/2026 18:55,NO_DATA,-,-,-,-
7/3/2026 18:55,NO_DATA,-,-,-,-
7/3/2026 18:56,NO_DATA,-,-,-,-
7/3/2026 18:56,NO_DATA,-,-,-,-
7/3/2026 18:57,8005ee,AIC309,3.5369,100.7306,12184.38
7/3/2026 18:57,8005ee,AIC309,3.594,100.686,12192
7/3/2026 18:58,8005ee,AIC309,3.6315,100.6565,12184.38
7/3/2026 18:58,8005ee,AIC309,3.7076,100.5969,12184.38
7/3/2026 18:59,8005ee,AIC309,3.7597,100.5561,12192
7/3/2026 18:59,8005ee,AIC309,3.8029,100.5222,12192
7/3/2026 19:00,8005ee,AIC309,3.8728,100.4674,12192
7/3/2026 19:00,8005ee,AIC309,3.8728,100.4674,12192
7/3/2026 19:01,8005ee,AIC309,3.8728,100.4674,12192
7/3/2026 19:01,8005ee,AIC309,3.8728,100.4674,12192
7/3/2026 19:02,8005ee,AIC309,3.8728,100.4674,12192
7/3/2026 19:02,780919,CSN8026,3.5053,101.9247,6225.54
7/3/2026 19:02,8005ee,AIC309,3.8728,100.4674,12192
7/3/2026 19:02,780919,CSN8026,3.5154,101.9314,6263.64
7/3/2026 19:03,8005ee,AIC309,3.8728,100.4674,12192
7/3/2026 19:03,780919,CSN8026,3.5154,101.9314,6263.64
7/3/2026 19:03,8005ee,AIC309,3.8728,100.4674,12192
7/3/2026 19:04,8005ee,AIC309,3.8728,100.4674,12192
7/3/2026 19:04,8005ee,AIC309,3.8728,100.4674,12192
7/3/2026 19:05,8005ee,AIC309,3.8728,100.4674,12192
7/3/2026 19:05,NO_DATA,-,-,-,-
7/3/2026 19:06,NO_DATA,-,-,-,-
7/3/2026 19:06,NO_DATA,-,-,-,-
7/3/2026 19:07,76cda7,SIA392,3.5414,101.712,9494.52
7/3/2026 19:08,76cda7,SIA392,3.5916,101.6585,9601.2
7/3/2026 19:08,76cda7,SIA392,3.6526,101.5936,9723.12
7/3/2026 19:09,76cda7,SIA392,3.6919,101.5517,9913.62
7/3/2026 19:09,76cda7,SIA392,3.7479,101.4921,10035.54
7/3/2026 19:10,76cda7,SIA392,3.7816,101.4561,10119.36
7/3/2026 19:10,76cda7,SIA392,3.8247,101.4102,10210.8
7/3/2026 19:11,76cda7,SIA392,3.8868,101.3439,10294.62
7/3/2026 19:11,896188,UAE5JM,3.6337,100.8177,7810.5
7/3/2026 19:11,76cda7,SIA392,3.9386,101.2888,10347.96
7/3/2026 19:12,896188,UAE5JM,3.6004,100.8564,7612.38
7/3/2026 19:12,76cda7,SIA392,3.9386,101.2888,10347.96
7/3/2026 19:12,7817c0,CDC8721,3.5447,101.9963,6941.82
7/3/2026 19:12,896188,UAE5JM,3.5419,100.9247,7269.48
7/3/2026 19:12,76cda7,SIA392,3.9386,101.2888,10347.96
7/3/2026 19:13,896188,UAE5JM,3.5151,100.9559,7109.46
7/3/2026 19:13,76cda7,SIA392,3.9386,101.2888,10347.96
7/3/2026 19:13,76cda7,SIA392,3.9386,101.2888,10347.96
7/3/2026 19:14,76cda7,SIA392,3.9386,101.2888,10347.96
7/3/2026 19:14,76cda7,SIA392,3.9386,101.2888,10347.96
7/3/2026 19:15,76cda7,SIA392,3.9386,101.2888,10347.96
7/3/2026 19:15,76cda7,SIA392,3.9386,101.2888,10347.96
7/3/2026 19:15,76cdac,SIA302,3.5355,101.5561,9144
7/3/2026 19:16,76cda7,SIA392,3.9386,101.2888,10347.96
7/3/2026 19:16,76cdac,SIA302,3.5616,101.5444,9144
7/3/2026 19:16,76cda7,SIA392,3.9386,101.2888,10347.96
7/3/2026 19:16,76cdac,SIA302,3.6638,101.4989,9197.34
7/3/2026 19:17,76cdac,SIA302,3.7175,101.4749,9265.92
7/3/2026 19:17,76cdac,SIA302,3.7811,101.4466,9357.36
7/3/2026 19:18,76cdac,SIA302,3.8053,101.4359,9387.84
7/3/2026 19:18,76cdac,SIA302,3.8053,101.4359,9387.84
7/3/2026 19:19,76cdac,SIA302,3.8053,101.4359,9387.84
7/3/2026 19:19,76cdac,SIA302,3.8053,101.4359,9387.84
7/3/2026 19:20,76cdac,SIA302,3.8053,101.4359,9387.84
7/3/2026 19:20,76cdac,SIA302,3.8053,101.4359,9387.84
7/3/2026 19:21,76cdac,SIA302,3.8053,101.4359,9387.84
7/3/2026 19:21,76cdac,SIA302,3.8053,101.4359,9387.84
7/3/2026 19:21,8a0a12,N/A,3.566,101.3357,10058.4
7/3/2026 19:22,76cc68,SIA402,3.5245,101.5609,9745.98
7/3/2026 19:22,76cdac,SIA302,3.8053,101.4359,9387.84
7/3/2026 19:22,7815c8,JYH1272,3.5312,101.9973,5875.02
7/3/2026 19:22,76cc68,SIA402,3.5731,101.5393,9829.8
7/3/2026 19:22,76cdac,SIA302,3.8053,101.4359,9387.84
7/3/2026 19:23,76cc68,SIA402,3.6556,101.5027,9989.82
7/3/2026 19:23,76cdac,SIA302,3.8053,101.4359,9387.84
7/3/2026 19:23,76cc68,SIA402,3.7053,101.4805,10027.92
7/3/2026 19:23,76cdac,SIA302,3.8053,101.4359,9387.84
7/3/2026 19:24,76cc68,SIA402,3.7629,101.4548,10111.74
7/3/2026 19:24,76cc68,SIA402,3.7629,101.4548,10111.74
7/3/2026 19:25,76cc68,SIA402,3.7629,101.4548,10111.74
7/3/2026 19:26,76cc68,SIA402,3.7629,101.4548,10111.74
7/3/2026 19:26,76cc68,SIA402,3.7629,101.4548,10111.74
7/3/2026 19:27,76cc68,SIA402,3.7629,101.4548,10111.74
7/3/2026 19:27,76cc68,SIA402,3.7629,101.4548,10111.74
7/3/2026 19:28,76cc68,SIA402,3.7629,101.4548,10111.74
7/3/2026 19:28,76bccc,N/A,3.8242,101.3072,11879.58
7/3/2026 19:28,76cc68,SIA402,3.7629,101.4548,10111.74
7/3/2026 19:28,76bccc,TGW61,3.7579,101.3516,11887.2
7/3/2026 19:29,76cc68,SIA402,3.7629,101.4548,10111.74
7/3/2026 19:29,76bccc,TGW61,3.7156,101.3799,11887.2
7/3/2026 19:29,76cc68,SIA402,3.7629,101.4548,10111.74
7/3/2026 19:29,76bccc,TGW61,3.6554,101.4202,11887.2
7/3/2026 19:30,76bccc,TGW61,3.5983,101.4585,11887.2
7/3/2026 19:30,76bccc,TGW61,3.5269,101.5064,11887.2
7/3/2026 19:31,NO_DATA,-,-,-,-
7/3/2026 19:31,NO_DATA,-,-,-,-
7/3/2026 19:32,NO_DATA,-,-,-,-
7/3/2026 19:32,NO_DATA,-,-,-,-
7/3/2026 19:33,76cdb9,SIA330,3.5266,101.7583,9974.58
7/3/2026 19:33,76cdb9,SIA330,3.5957,101.6842,10050.78
7/3/2026 19:34,76cdb9,SIA330,3.6399,101.6369,10119.36
7/3/2026 19:34,76cdb9,SIA330,3.6803,101.5936,10172.7
7/3/2026 19:35,76cdb9,SIA330,3.7204,101.5506,10210.8
7/3/2026 19:35,76cdb9,SIA330,3.7865,101.4829,10279.38
7/3/2026 19:36,76cdb9,SIA330,3.8362,101.442,10332.72
7/3/2026 19:36,76cdb9,SIA330,3.8866,101.4074,10393.68
7/3/2026 19:37,76cdb9,SIA330,3.9647,101.3649,10492.74
7/3/2026 19:37,76cdb9,SIA330,3.9754,101.36,10507.98
7/3/2026 19:38,76cdb9,SIA330,3.9754,101.36,10507.98
7/3/2026 19:38,80140b,IGO1031,3.7261,99.6961,10668
7/3/2026 19:38,76cdb9,SIA330,3.9754,101.36,10507.98
7/3/2026 19:38,80140b,IGO1031,3.7004,99.743,10668
7/3/2026 19:39,76cdb9,SIA330,3.9754,101.36,10507.98
7/3/2026 19:39,80140b,IGO1031,3.6961,99.7509,10668
7/3/2026 19:39,76cdb9,SIA330,3.9754,101.36,10507.98
7/3/2026 19:39,80140b,IGO1031,3.6323,99.8671,10226.04
7/3/2026 19:40,76cdb9,SIA330,3.9754,101.36,10507.98
7/3/2026 19:40,80140b,IGO1031,3.605,99.9169,10096.5
7/3/2026 19:40,76cdb9,SIA330,3.9754,101.36,10507.98
7/3/2026 19:40,80140b,IGO1031,3.5673,99.9859,9921.24
7/3/2026 19:41,76cdb9,SIA330,3.9754,101.36,10507.98
7/3/2026 19:41,80140b,IGO1031,3.5472,100.0226,9822.18
7/3/2026 19:41,76cdb9,SIA330,3.9754,101.36,10507.98
7/3/2026 19:41,80140b,IGO1031,3.5472,100.0226,9822.18
7/3/2026 19:42,76cdb9,SIA330,3.9754,101.36,10507.98
7/3/2026 19:42,80140b,IGO1031,3.5472,100.0226,9822.18
7/3/2026 19:42,80140b,IGO1031,3.5472,100.0226,9822.18
7/3/2026 19:43,80140b,IGO1031,3.5472,100.0226,9822.18
7/3/2026 19:43,80140b,IGO1031,3.5472,100.0226,9822.18
7/3/2026 19:44,80140b,IGO1031,3.5472,100.0226,9822.18
7/3/2026 19:45,80140b,IGO1031,3.5472,100.0226,9822.18
7/3/2026 19:45,80140b,IGO1031,3.5472,100.0226,9822.18
7/3/2026 19:46,80140b,IGO1031,3.5472,100.0226,9822.18
7/3/2026 19:46,NO_DATA,-,-,-,-
7/3/2026 19:47,NO_DATA,-,-,-,-
7/3/2026 19:47,NO_DATA,-,-,-,-
7/3/2026 19:48,NO_DATA,-,-,-,-
7/3/2026 19:48,NO_DATA,-,-,-,-
7/3/2026 19:49,NO_DATA,-,-,-,-
7/3/2026 19:49,NO_DATA,-,-,-,-
7/3/2026 19:50,NO_DATA,-,-,-,-
7/3/2026 19:50,NO_DATA,-,-,-,-
7/3/2026 19:51,NO_DATA,-,-,-,-
7/3/2026 19:51,NO_DATA,-,-,-,-
7/3/2026 19:52,NO_DATA,-,-,-,-
7/3/2026 19:52,NO_DATA,-,-,-,-
7/3/2026 19:53,NO_DATA,-,-,-,-
7/3/2026 19:53,NO_DATA,-,-,-,-
7/3/2026 19:54,NO_DATA,-,-,-,-
7/3/2026 19:54,NO_DATA,-,-,-,-
7/3/2026 19:55,NO_DATA,-,-,-,-
7/3/2026 19:55,NO_DATA,-,-,-,-
7/3/2026 19:56,NO_DATA,-,-,-,-
7/3/2026 19:56,NO_DATA,-,-,-,-
7/3/2026 19:57,NO_DATA,-,-,-,-
7/3/2026 19:57,NO_DATA,-,-,-,-
7/3/2026 19:58,NO_DATA,-,-,-,-
7/3/2026 19:58,NO_DATA,-,-,-,-
7/3/2026 19:59,NO_DATA,-,-,-,-
7/3/2026 19:59,NO_DATA,-,-,-,-
7/3/2026 20:00,NO_DATA,-,-,-,-
7/3/2026 20:00,NO_DATA,-,-,-,-
7/3/2026 20:01,NO_DATA,-,-,-,-
7/3/2026 20:01,NO_DATA,-,-,-,-
7/3/2026 20:02,NO_DATA,-,-,-,-
7/3/2026 20:03,NO_DATA,-,-,-,-
7/3/2026 20:03,NO_DATA,-,-,-,-
7/3/2026 20:04,NO_DATA,-,-,-,-
7/3/2026 20:04,NO_DATA,-,-,-,-
7/3/2026 20:05,NO_DATA,-,-,-,-
7/3/2026 20:05,NO_DATA,-,-,-,-
7/3/2026 20:06,NO_DATA,-,-,-,-
7/3/2026 20:06,NO_DATA,-,-,-,-
7/3/2026 20:07,NO_DATA,-,-,-,-
7/3/2026 20:07,NO_DATA,-,-,-,-
7/3/2026 20:08,NO_DATA,-,-,-,-
7/3/2026 20:08,NO_DATA,-,-,-,-
7/3/2026 20:09,NO_DATA,-,-,-,-
7/3/2026 20:09,NO_DATA,-,-,-,-
7/3/2026 20:10,NO_DATA,-,-,-,-
7/3/2026 20:10,NO_DATA,-,-,-,-
7/3/2026 20:11,NO_DATA,-,-,-,-
7/3/2026 20:11,NO_DATA,-,-,-,-
7/3/2026 20:12,NO_DATA,-,-,-,-
7/3/2026 20:12,NO_DATA,-,-,-,-
7/3/2026 20:13,NO_DATA,-,-,-,-
7/3/2026 20:13,NO_DATA,-,-,-,-
7/3/2026 20:14,NO_DATA,-,-,-,-
7/3/2026 20:14,NO_DATA,-,-,-,-
7/3/2026 20:15,NO_DATA,-,-,-,-
7/3/2026 20:15,NO_DATA,-,-,-,-
7/3/2026 20:16,NO_DATA,-,-,-,-
7/3/2026 20:16,NO_DATA,-,-,-,-
7/3/2026 20:17,NO_DATA,-,-,-,-
7/3/2026 20:17,NO_DATA,-,-,-,-
7/3/2026 20:18,NO_DATA,-,-,-,-
7/3/2026 20:18,NO_DATA,-,-,-,-
7/3/2026 20:19,NO_DATA,-,-,-,-
7/3/2026 20:19,NO_DATA,-,-,-,-
7/3/2026 20:20,NO_DATA,-,-,-,-
7/3/2026 20:20,NO_DATA,-,-,-,-
7/3/2026 20:21,NO_DATA,-,-,-,-
7/3/2026 20:22,NO_DATA,-,-,-,-
7/3/2026 20:22,NO_DATA,-,-,-,-
7/3/2026 20:23,NO_DATA,-,-,-,-
7/3/2026 20:23,NO_DATA,-,-,-,-
7/3/2026 20:24,NO_DATA,-,-,-,-
7/3/2026 20:24,NO_DATA,-,-,-,-
7/3/2026 20:25,NO_DATA,-,-,-,-
7/3/2026 20:25,NO_DATA,-,-,-,-
7/3/2026 20:26,NO_DATA,-,-,-,-
7/3/2026 20:26,NO_DATA,-,-,-,-
7/3/2026 20:27,NO_DATA,-,-,-,-
7/3/2026 20:27,NO_DATA,-,-,-,-
7/3/2026 20:28,NO_DATA,-,-,-,-
7/3/2026 20:28,NO_DATA,-,-,-,-
7/3/2026 20:29,NO_DATA,-,-,-,-
7/3/2026 20:29,NO_DATA,-,-,-,-
7/3/2026 20:30,NO_DATA,-,-,-,-
7/3/2026 20:30,NO_DATA,-,-,-,-
7/3/2026 20:31,NO_DATA,-,-,-,-
7/3/2026 20:31,NO_DATA,-,-,-,-
7/3/2026 20:32,NO_DATA,-,-,-,-
7/3/2026 20:32,NO_DATA,-,-,-,-
7/3/2026 20:33,NO_DATA,-,-,-,-
7/3/2026 20:33,NO_DATA,-,-,-,-
7/3/2026 20:34,NO_DATA,-,-,-,-
7/3/2026 20:34,NO_DATA,-,-,-,-
7/3/2026 20:35,NO_DATA,-,-,-,-
7/3/2026 20:35,NO_DATA,-,-,-,-
7/3/2026 20:36,NO_DATA,-,-,-,-
7/3/2026 20:36,NO_DATA,-,-,-,-
7/3/2026 20:37,NO_DATA,-,-,-,-
7/3/2026 20:37,NO_DATA,-,-,-,-
7/3/2026 20:38,NO_DATA,-,-,-,-
7/3/2026 20:38,NO_DATA,-,-,-,-
7/3/2026 20:39,NO_DATA,-,-,-,-
7/3/2026 20:39,NO_DATA,-,-,-,-
7/3/2026 20:40,NO_DATA,-,-,-,-
7/3/2026 20:41,NO_DATA,-,-,-,-
7/3/2026 20:41,NO_DATA,-,-,-,-
7/3/2026 20:42,NO_DATA,-,-,-,-
7/3/2026 20:42,NO_DATA,-,-,-,-
7/3/2026 20:43,NO_DATA,-,-,-,-
7/3/2026 20:43,NO_DATA,-,-,-,-
7/3/2026 20:44,NO_DATA,-,-,-,-
7/3/2026 20:44,NO_DATA,-,-,-,-
7/3/2026 20:45,NO_DATA,-,-,-,-
7/3/2026 20:45,NO_DATA,-,-,-,-
7/3/2026 20:46,NO_DATA,-,-,-,-
7/3/2026 20:46,NO_DATA,-,-,-,-
7/3/2026 20:47,NO_DATA,-,-,-,-
7/3/2026 20:47,NO_DATA,-,-,-,-
7/3/2026 20:48,NO_DATA,-,-,-,-
7/3/2026 20:48,NO_DATA,-,-,-,-
7/3/2026 20:49,NO_DATA,-,-,-,-
7/3/2026 20:49,NO_DATA,-,-,-,-
7/3/2026 20:50,NO_DATA,-,-,-,-
7/3/2026 20:50,NO_DATA,-,-,-,-
7/3/2026 20:51,NO_DATA,-,-,-,-
7/3/2026 20:51,NO_DATA,-,-,-,-
7/3/2026 20:52,NO_DATA,-,-,-,-
7/3/2026 20:52,NO_DATA,-,-,-,-
7/3/2026 20:53,NO_DATA,-,-,-,-
7/3/2026 20:53,NO_DATA,-,-,-,-
7/3/2026 20:54,NO_DATA,-,-,-,-
7/3/2026 20:54,NO_DATA,-,-,-,-
7/3/2026 20:55,NO_DATA,-,-,-,-
7/3/2026 20:55,NO_DATA,-,-,-,-
7/3/2026 20:56,NO_DATA,-,-,-,-
7/3/2026 20:56,NO_DATA,-,-,-,-
7/3/2026 20:57,NO_DATA,-,-,-,-
7/3/2026 20:57,NO_DATA,-,-,-,-
7/3/2026 20:58,NO_DATA,-,-,-,-
7/3/2026 20:59,NO_DATA,-,-,-,-
7/3/2026 20:59,NO_DATA,-,-,-,-
7/3/2026 21:00,NO_DATA,-,-,-,-
7/3/2026 21:00,NO_DATA,-,-,-,-
7/3/2026 21:01,NO_DATA,-,-,-,-
7/3/2026 21:01,NO_DATA,-,-,-,-
7/3/2026 21:02,NO_DATA,-,-,-,-
7/3/2026 21:02,NO_DATA,-,-,-,-
7/3/2026 21:03,NO_DATA,-,-,-,-
7/3/2026 21:03,NO_DATA,-,-,-,-
7/3/2026 21:04,NO_DATA,-,-,-,-
7/3/2026 21:04,NO_DATA,-,-,-,-
7/3/2026 21:05,NO_DATA,-,-,-,-
7/3/2026 21:05,NO_DATA,-,-,-,-
7/3/2026 21:06,NO_DATA,-,-,-,-
7/3/2026 21:06,NO_DATA,-,-,-,-
7/3/2026 21:07,NO_DATA,-,-,-,-
7/3/2026 21:07,NO_DATA,-,-,-,-
7/3/2026 21:08,NO_DATA,-,-,-,-
7/3/2026 21:08,NO_DATA,-,-,-,-
7/3/2026 21:09,NO_DATA,-,-,-,-
7/3/2026 21:09,NO_DATA,-,-,-,-
7/3/2026 21:10,NO_DATA,-,-,-,-
7/3/2026 21:10,NO_DATA,-,-,-,-
7/3/2026 21:11,NO_DATA,-,-,-,-
7/3/2026 21:11,NO_DATA,-,-,-,-
7/3/2026 21:12,NO_DATA,-,-,-,-
7/3/2026 21:12,NO_DATA,-,-,-,-
7/3/2026 21:13,NO_DATA,-,-,-,-
7/3/2026 21:13,NO_DATA,-,-,-,-
7/3/2026 21:14,NO_DATA,-,-,-,-
7/3/2026 21:14,NO_DATA,-,-,-,-
7/3/2026 21:15,NO_DATA,-,-,-,-
7/3/2026 21:15,NO_DATA,-,-,-,-
7/3/2026 21:16,NO_DATA,-,-,-,-
7/3/2026 21:17,NO_DATA,-,-,-,-
7/3/2026 21:17,NO_DATA,-,-,-,-
7/3/2026 21:18,NO_DATA,-,-,-,-
7/3/2026 21:18,NO_DATA,-,-,-,-
7/3/2026 21:19,NO_DATA,-,-,-,-
7/3/2026 21:19,NO_DATA,-,-,-,-
7/3/2026 21:20,NO_DATA,-,-,-,-
7/3/2026 21:20,NO_DATA,-,-,-,-
7/3/2026 21:21,NO_DATA,-,-,-,-
7/3/2026 21:21,NO_DATA,-,-,-,-
7/3/2026 21:22,NO_DATA,-,-,-,-
7/3/2026 21:22,NO_DATA,-,-,-,-
7/3/2026 21:23,NO_DATA,-,-,-,-
7/3/2026 21:23,NO_DATA,-,-,-,-
7/3/2026 21:24,NO_DATA,-,-,-,-
7/3/2026 21:24,NO_DATA,-,-,-,-
7/3/2026 21:25,NO_DATA,-,-,-,-
7/3/2026 21:25,NO_DATA,-,-,-,-
7/3/2026 21:26,NO_DATA,-,-,-,-
7/3/2026 21:26,NO_DATA,-,-,-,-
7/3/2026 21:27,NO_DATA,-,-,-,-
7/3/2026 21:27,NO_DATA,-,-,-,-
7/3/2026 21:28,NO_DATA,-,-,-,-
7/3/2026 21:28,NO_DATA,-,-,-,-
7/3/2026 21:29,NO_DATA,-,-,-,-
7/3/2026 21:29,NO_DATA,-,-,-,-
7/3/2026 21:30,NO_DATA,-,-,-,-
7/3/2026 21:30,NO_DATA,-,-,-,-
7/3/2026 21:31,NO_DATA,-,-,-,-
7/3/2026 21:31,NO_DATA,-,-,-,-
7/3/2026 21:32,NO_DATA,-,-,-,-
7/3/2026 21:32,NO_DATA,-,-,-,-
7/3/2026 21:33,NO_DATA,-,-,-,-
7/3/2026 21:33,NO_DATA,-,-,-,-
7/3/2026 21:34,NO_DATA,-,-,-,-
7/3/2026 21:35,NO_DATA,-,-,-,-
7/3/2026 21:35,NO_DATA,-,-,-,-
7/3/2026 21:36,NO_DATA,-,-,-,-
7/3/2026 21:36,NO_DATA,-,-,-,-
7/3/2026 21:37,NO_DATA,-,-,-,-
7/3/2026 21:37,NO_DATA,-,-,-,-
7/3/2026 21:38,NO_DATA,-,-,-,-
7/3/2026 21:38,NO_DATA,-,-,-,-
7/3/2026 21:39,NO_DATA,-,-,-,-
7/3/2026 21:39,NO_DATA,-,-,-,-
7/3/2026 21:40,NO_DATA,-,-,-,-
7/3/2026 21:40,NO_DATA,-,-,-,-
7/3/2026 21:41,NO_DATA,-,-,-,-
7/3/2026 21:41,NO_DATA,-,-,-,-
7/3/2026 21:42,NO_DATA,-,-,-,-
7/3/2026 21:42,NO_DATA,-,-,-,-
7/3/2026 21:43,NO_DATA,-,-,-,-
7/3/2026 21:43,NO_DATA,-,-,-,-
7/3/2026 21:44,NO_DATA,-,-,-,-
7/3/2026 21:44,NO_DATA,-,-,-,-
7/3/2026 21:45,NO_DATA,-,-,-,-
7/3/2026 21:45,NO_DATA,-,-,-,-
7/3/2026 21:46,NO_DATA,-,-,-,-
7/3/2026 21:46,NO_DATA,-,-,-,-
7/3/2026 21:47,NO_DATA,-,-,-,-
7/3/2026 21:47,NO_DATA,-,-,-,-
7/3/2026 21:48,NO_DATA,-,-,-,-
7/3/2026 21:48,NO_DATA,-,-,-,-
7/3/2026 21:49,NO_DATA,-,-,-,-
7/3/2026 21:49,NO_DATA,-,-,-,-
7/3/2026 21:50,NO_DATA,-,-,-,-
7/3/2026 21:50,NO_DATA,-,-,-,-
7/3/2026 21:51,NO_DATA,-,-,-,-
7/3/2026 21:52,NO_DATA,-,-,-,-
7/3/2026 21:52,NO_DATA,-,-,-,-
7/3/2026 21:53,NO_DATA,-,-,-,-
7/3/2026 21:53,NO_DATA,-,-,-,-
7/3/2026 21:54,NO_DATA,-,-,-,-
7/3/2026 21:54,NO_DATA,-,-,-,-
7/3/2026 21:55,NO_DATA,-,-,-,-
7/3/2026 21:55,NO_DATA,-,-,-,-
7/3/2026 21:56,NO_DATA,-,-,-,-
7/3/2026 21:56,NO_DATA,-,-,-,-
7/3/2026 21:57,NO_DATA,-,-,-,-
7/3/2026 21:57,NO_DATA,-,-,-,-
7/3/2026 21:58,NO_DATA,-,-,-,-
7/3/2026 21:58,NO_DATA,-,-,-,-
7/3/2026 21:59,NO_DATA,-,-,-,-
7/3/2026 21:59,NO_DATA,-,-,-,-
7/3/2026 22:00,NO_DATA,-,-,-,-
7/3/2026 22:00,NO_DATA,-,-,-,-
7/3/2026 22:01,NO_DATA,-,-,-,-
7/3/2026 22:01,NO_DATA,-,-,-,-
7/3/2026 22:02,NO_DATA,-,-,-,-
7/3/2026 22:02,NO_DATA,-,-,-,-
7/3/2026 22:03,NO_DATA,-,-,-,-
7/3/2026 22:03,NO_DATA,-,-,-,-
7/3/2026 22:04,NO_DATA,-,-,-,-
7/3/2026 22:04,NO_DATA,-,-,-,-
7/3/2026 22:05,NO_DATA,-,-,-,-
7/3/2026 22:05,NO_DATA,-,-,-,-
7/3/2026 22:06,NO_DATA,-,-,-,-
7/3/2026 22:06,NO_DATA,-,-,-,-
7/3/2026 22:07,NO_DATA,-,-,-,-
7/3/2026 22:07,NO_DATA,-,-,-,-
7/3/2026 22:08,NO_DATA,-,-,-,-
7/3/2026 22:08,NO_DATA,-,-,-,-
7/3/2026 22:09,NO_DATA,-,-,-,-
7/3/2026 22:10,NO_DATA,-,-,-,-
7/3/2026 22:10,NO_DATA,-,-,-,-
7/3/2026 22:11,NO_DATA,-,-,-,-
7/3/2026 22:11,NO_DATA,-,-,-,-
7/3/2026 22:12,NO_DATA,-,-,-,-
7/3/2026 22:12,NO_DATA,-,-,-,-
7/3/2026 22:13,NO_DATA,-,-,-,-
7/3/2026 22:13,NO_DATA,-,-,-,-
7/3/2026 22:14,NO_DATA,-,-,-,-
7/3/2026 22:14,NO_DATA,-,-,-,-
7/3/2026 22:15,NO_DATA,-,-,-,-
7/3/2026 22:15,NO_DATA,-,-,-,-
7/3/2026 22:16,NO_DATA,-,-,-,-
7/3/2026 22:16,NO_DATA,-,-,-,-
7/3/2026 22:17,NO_DATA,-,-,-,-
7/3/2026 22:17,NO_DATA,-,-,-,-
7/3/2026 22:18,NO_DATA,-,-,-,-
7/3/2026 22:18,NO_DATA,-,-,-,-
7/3/2026 22:19,NO_DATA,-,-,-,-
7/3/2026 22:19,NO_DATA,-,-,-,-
7/3/2026 22:20,NO_DATA,-,-,-,-
7/3/2026 22:20,NO_DATA,-,-,-,-
7/3/2026 22:21,NO_DATA,-,-,-,-
7/3/2026 22:21,NO_DATA,-,-,-,-
7/3/2026 22:22,NO_DATA,-,-,-,-
7/3/2026 22:22,NO_DATA,-,-,-,-
7/3/2026 22:23,NO_DATA,-,-,-,-
7/3/2026 22:23,NO_DATA,-,-,-,-
7/3/2026 22:24,NO_DATA,-,-,-,-
7/3/2026 22:24,NO_DATA,-,-,-,-
7/3/2026 22:25,NO_DATA,-,-,-,-
7/3/2026 22:25,NO_DATA,-,-,-,-
7/3/2026 22:26,NO_DATA,-,-,-,-
7/3/2026 22:26,NO_DATA,-,-,-,-
7/3/2026 22:27,NO_DATA,-,-,-,-
7/3/2026 22:27,NO_DATA,-,-,-,-
7/3/2026 22:28,NO_DATA,-,-,-,-
7/3/2026 22:29,NO_DATA,-,-,-,-
7/3/2026 22:29,NO_DATA,-,-,-,-
7/3/2026 22:30,NO_DATA,-,-,-,-
7/3/2026 22:30,NO_DATA,-,-,-,-
7/3/2026 22:31,NO_DATA,-,-,-,-
7/3/2026 22:31,NO_DATA,-,-,-,-
7/3/2026 22:32,NO_DATA,-,-,-,-
7/3/2026 22:32,NO_DATA,-,-,-,-
7/3/2026 22:33,NO_DATA,-,-,-,-
7/3/2026 22:33,NO_DATA,-,-,-,-
7/3/2026 22:34,NO_DATA,-,-,-,-
7/3/2026 22:34,NO_DATA,-,-,-,-
7/3/2026 22:35,NO_DATA,-,-,-,-
7/3/2026 22:35,NO_DATA,-,-,-,-
7/3/2026 22:36,NO_DATA,-,-,-,-
7/3/2026 22:36,NO_DATA,-,-,-,-
7/3/2026 22:37,NO_DATA,-,-,-,-
7/3/2026 22:37,NO_DATA,-,-,-,-
7/3/2026 22:38,NO_DATA,-,-,-,-
7/3/2026 22:38,NO_DATA,-,-,-,-
7/3/2026 22:39,NO_DATA,-,-,-,-
7/3/2026 22:39,NO_DATA,-,-,-,-
7/3/2026 22:40,NO_DATA,-,-,-,-
7/3/2026 22:40,NO_DATA,-,-,-,-
7/3/2026 22:41,NO_DATA,-,-,-,-
7/3/2026 22:41,NO_DATA,-,-,-,-
7/3/2026 22:42,NO_DATA,-,-,-,-
7/3/2026 22:42,NO_DATA,-,-,-,-
7/3/2026 22:43,NO_DATA,-,-,-,-
7/3/2026 22:43,NO_DATA,-,-,-,-
7/3/2026 22:44,NO_DATA,-,-,-,-
7/3/2026 22:44,NO_DATA,-,-,-,-
7/3/2026 22:45,NO_DATA,-,-,-,-
7/3/2026 22:45,NO_DATA,-,-,-,-
7/3/2026 22:46,NO_DATA,-,-,-,-
7/3/2026 22:46,NO_DATA,-,-,-,-
7/3/2026 22:47,NO_DATA,-,-,-,-
7/3/2026 22:48,NO_DATA,-,-,-,-
7/3/2026 22:48,NO_DATA,-,-,-,-
7/3/2026 22:49,NO_DATA,-,-,-,-
7/3/2026 22:49,NO_DATA,-,-,-,-
7/3/2026 22:50,NO_DATA,-,-,-,-
7/3/2026 22:50,NO_DATA,-,-,-,-
7/3/2026 22:51,NO_DATA,-,-,-,-
7/3/2026 22:51,NO_DATA,-,-,-,-
7/3/2026 22:52,NO_DATA,-,-,-,-
7/3/2026 22:52,NO_DATA,-,-,-,-
7/3/2026 22:53,NO_DATA,-,-,-,-
7/3/2026 22:53,NO_DATA,-,-,-,-
7/3/2026 22:54,NO_DATA,-,-,-,-
7/3/2026 22:54,NO_DATA,-,-,-,-
7/3/2026 22:55,NO_DATA,-,-,-,-
7/3/2026 22:55,NO_DATA,-,-,-,-
7/3/2026 22:56,NO_DATA,-,-,-,-
7/3/2026 22:56,NO_DATA,-,-,-,-
7/3/2026 22:57,NO_DATA,-,-,-,-
7/3/2026 22:57,NO_DATA,-,-,-,-
7/3/2026 22:58,NO_DATA,-,-,-,-
7/3/2026 22:58,NO_DATA,-,-,-,-
7/3/2026 22:59,NO_DATA,-,-,-,-
7/3/2026 22:59,NO_DATA,-,-,-,-
7/3/2026 23:00,NO_DATA,-,-,-,-
7/3/2026 23:00,NO_DATA,-,-,-,-
7/3/2026 23:01,NO_DATA,-,-,-,-
7/3/2026 23:01,NO_DATA,-,-,-,-
7/3/2026 23:02,NO_DATA,-,-,-,-
7/3/2026 23:02,NO_DATA,-,-,-,-
7/3/2026 23:03,NO_DATA,-,-,-,-
7/3/2026 23:03,NO_DATA,-,-,-,-
7/3/2026 23:04,NO_DATA,-,-,-,-
7/3/2026 23:04,NO_DATA,-,-,-,-
7/3/2026 23:05,NO_DATA,-,-,-,-
7/3/2026 23:06,NO_DATA,-,-,-,-
7/3/2026 23:06,NO_DATA,-,-,-,-
7/3/2026 23:07,NO_DATA,-,-,-,-
7/3/2026 23:07,NO_DATA,-,-,-,-
7/3/2026 23:08,NO_DATA,-,-,-,-
7/3/2026 23:08,NO_DATA,-,-,-,-
7/3/2026 23:09,NO_DATA,-,-,-,-
7/3/2026 23:09,NO_DATA,-,-,-,-
7/3/2026 23:10,NO_DATA,-,-,-,-
7/3/2026 23:10,NO_DATA,-,-,-,-
7/3/2026 23:11,NO_DATA,-,-,-,-
7/3/2026 23:11,NO_DATA,-,-,-,-
7/3/2026 23:12,NO_DATA,-,-,-,-
7/3/2026 23:12,NO_DATA,-,-,-,-
7/3/2026 23:13,NO_DATA,-,-,-,-
7/3/2026 23:13,NO_DATA,-,-,-,-
7/3/2026 23:14,NO_DATA,-,-,-,-
7/3/2026 23:14,NO_DATA,-,-,-,-
7/3/2026 23:15,NO_DATA,-,-,-,-
7/3/2026 23:15,NO_DATA,-,-,-,-
7/3/2026 23:16,NO_DATA,-,-,-,-
7/3/2026 23:16,NO_DATA,-,-,-,-
7/3/2026 23:17,NO_DATA,-,-,-,-
7/3/2026 23:17,NO_DATA,-,-,-,-
7/3/2026 23:18,NO_DATA,-,-,-,-
7/3/2026 23:18,NO_DATA,-,-,-,-
7/3/2026 23:19,NO_DATA,-,-,-,-
7/3/2026 23:19,NO_DATA,-,-,-,-
7/3/2026 23:20,NO_DATA,-,-,-,-
7/3/2026 23:20,NO_DATA,-,-,-,-
7/3/2026 23:21,NO_DATA,-,-,-,-
7/3/2026 23:21,NO_DATA,-,-,-,-
7/3/2026 23:22,NO_DATA,-,-,-,-
7/3/2026 23:22,NO_DATA,-,-,-,-
7/3/2026 23:23,NO_DATA,-,-,-,-
7/3/2026 23:24,NO_DATA,-,-,-,-
7/3/2026 23:24,NO_DATA,-,-,-,-
7/3/2026 23:25,NO_DATA,-,-,-,-
7/3/2026 23:25,NO_DATA,-,-,-,-
7/3/2026 23:26,NO_DATA,-,-,-,-
7/3/2026 23:26,NO_DATA,-,-,-,-
7/3/2026 23:27,NO_DATA,-,-,-,-
7/3/2026 23:27,NO_DATA,-,-,-,-
7/3/2026 23:28,NO_DATA,-,-,-,-
7/3/2026 23:28,NO_DATA,-,-,-,-
7/3/2026 23:29,NO_DATA,-,-,-,-
7/3/2026 23:29,NO_DATA,-,-,-,-
7/3/2026 23:30,NO_DATA,-,-,-,-
7/3/2026 23:30,NO_DATA,-,-,-,-
7/3/2026 23:31,NO_DATA,-,-,-,-
7/3/2026 23:31,NO_DATA,-,-,-,-
7/3/2026 23:32,NO_DATA,-,-,-,-
7/3/2026 23:32,NO_DATA,-,-,-,-
7/3/2026 23:33,NO_DATA,-,-,-,-
7/3/2026 23:33,NO_DATA,-,-,-,-
7/3/2026 23:34,NO_DATA,-,-,-,-
7/3/2026 23:34,NO_DATA,-,-,-,-
7/3/2026 23:35,NO_DATA,-,-,-,-
7/3/2026 23:35,NO_DATA,-,-,-,-
7/3/2026 23:36,NO_DATA,-,-,-,-
7/3/2026 23:36,NO_DATA,-,-,-,-
7/3/2026 23:37,NO_DATA,-,-,-,-
7/3/2026 23:37,NO_DATA,-,-,-,-
7/3/2026 23:38,NO_DATA,-,-,-,-
7/3/2026 23:38,NO_DATA,-,-,-,-
7/3/2026 23:39,NO_DATA,-,-,-,-
7/3/2026 23:39,NO_DATA,-,-,-,-
7/3/2026 23:40,NO_DATA,-,-,-,-
7/3/2026 23:40,NO_DATA,-,-,-,-
7/3/2026 23:41,NO_DATA,-,-,-,-
7/3/2026 23:42,NO_DATA,-,-,-,-
7/3/2026 23:42,NO_DATA,-,-,-,-
7/3/2026 23:43,NO_DATA,-,-,-,-
7/3/2026 23:43,NO_DATA,-,-,-,-
7/3/2026 23:44,NO_DATA,-,-,-,-
7/3/2026 23:44,NO_DATA,-,-,-,-
7/3/2026 23:45,NO_DATA,-,-,-,-
7/3/2026 23:45,NO_DATA,-,-,-,-
7/3/2026 23:46,NO_DATA,-,-,-,-
7/3/2026 23:46,NO_DATA,-,-,-,-
7/3/2026 23:47,NO_DATA,-,-,-,-
7/3/2026 23:47,NO_DATA,-,-,-,-
7/3/2026 23:48,NO_DATA,-,-,-,-
7/3/2026 23:48,NO_DATA,-,-,-,-
7/3/2026 23:49,NO_DATA,-,-,-,-
7/3/2026 23:49,NO_DATA,-,-,-,-
7/3/2026 23:50,NO_DATA,-,-,-,-
7/3/2026 23:50,NO_DATA,-,-,-,-
7/3/2026 23:51,NO_DATA,-,-,-,-
7/3/2026 23:51,NO_DATA,-,-,-,-
7/3/2026 23:52,NO_DATA,-,-,-,-
7/3/2026 23:52,NO_DATA,-,-,-,-
7/3/2026 23:53,NO_DATA,-,-,-,-
7/3/2026 23:53,NO_DATA,-,-,-,-
7/3/2026 23:54,NO_DATA,-,-,-,-
7/3/2026 23:54,NO_DATA,-,-,-,-
7/3/2026 23:55,NO_DATA,-,-,-,-
7/3/2026 23:55,NO_DATA,-,-,-,-
7/3/2026 23:56,NO_DATA,-,-,-,-
7/3/2026 23:56,NO_DATA,-,-,-,-
7/3/2026 23:57,NO_DATA,-,-,-,-
7/3/2026 23:57,NO_DATA,-,-,-,-
7/3/2026 23:58,NO_DATA,-,-,-,-
7/3/2026 23:58,NO_DATA,-,-,-,-
7/3/2026 23:59,NO_DATA,-,-,-,-
8/3/2026 0:00,NO_DATA,-,-,-,-
8/3/2026 0:00,NO_DATA,-,-,-,-
8/3/2026 0:01,NO_DATA,-,-,-,-
8/3/2026 0:01,NO_DATA,-,-,-,-
8/3/2026 0:02,NO_DATA,-,-,-,-
8/3/2026 0:02,NO_DATA,-,-,-,-
8/3/2026 0:03,NO_DATA,-,-,-,-
8/3/2026 0:03,NO_DATA,-,-,-,-
8/3/2026 0:04,NO_DATA,-,-,-,-
8/3/2026 0:04,NO_DATA,-,-,-,-
8/3/2026 0:05,NO_DATA,-,-,-,-
8/3/2026 0:05,NO_DATA,-,-,-,-
8/3/2026 0:06,NO_DATA,-,-,-,-
8/3/2026 0:06,NO_DATA,-,-,-,-
8/3/2026 0:07,NO_DATA,-,-,-,-
8/3/2026 0:07,NO_DATA,-,-,-,-
8/3/2026 0:08,NO_DATA,-,-,-,-
8/3/2026 0:08,NO_DATA,-,-,-,-
8/3/2026 0:09,NO_DATA,-,-,-,-
8/3/2026 0:09,NO_DATA,-,-,-,-
8/3/2026 0:10,NO_DATA,-,-,-,-
8/3/2026 0:10,NO_DATA,-,-,-,-
8/3/2026 0:11,NO_DATA,-,-,-,-
8/3/2026 0:11,NO_DATA,-,-,-,-
8/3/2026 0:12,NO_DATA,-,-,-,-
8/3/2026 0:12,NO_DATA,-,-,-,-
8/3/2026 0:13,NO_DATA,-,-,-,-
8/3/2026 0:13,NO_DATA,-,-,-,-
8/3/2026 0:14,NO_DATA,-,-,-,-
8/3/2026 0:14,NO_DATA,-,-,-,-
8/3/2026 0:15,NO_DATA,-,-,-,-
8/3/2026 0:15,NO_DATA,-,-,-,-
8/3/2026 0:16,NO_DATA,-,-,-,-
8/3/2026 0:16,NO_DATA,-,-,-,-
8/3/2026 0:17,NO_DATA,-,-,-,-
8/3/2026 0:17,NO_DATA,-,-,-,-
8/3/2026 0:18,NO_DATA,-,-,-,-
8/3/2026 0:19,NO_DATA,-,-,-,-
8/3/2026 0:19,NO_DATA,-,-,-,-
8/3/2026 0:20,NO_DATA,-,-,-,-
8/3/2026 0:20,NO_DATA,-,-,-,-
8/3/2026 0:21,NO_DATA,-,-,-,-
8/3/2026 0:21,NO_DATA,-,-,-,-
8/3/2026 0:22,NO_DATA,-,-,-,-
8/3/2026 0:22,NO_DATA,-,-,-,-
8/3/2026 0:23,NO_DATA,-,-,-,-
8/3/2026 0:23,NO_DATA,-,-,-,-
8/3/2026 0:24,NO_DATA,-,-,-,-
8/3/2026 0:24,NO_DATA,-,-,-,-
8/3/2026 0:25,NO_DATA,-,-,-,-
8/3/2026 0:25,NO_DATA,-,-,-,-
8/3/2026 0:26,NO_DATA,-,-,-,-
8/3/2026 0:26,NO_DATA,-,-,-,-
8/3/2026 0:27,NO_DATA,-,-,-,-
8/3/2026 0:27,NO_DATA,-,-,-,-
8/3/2026 0:28,NO_DATA,-,-,-,-
8/3/2026 0:29,NO_DATA,-,-,-,-
8/3/2026 0:29,NO_DATA,-,-,-,-
8/3/2026 0:30,NO_DATA,-,-,-,-
8/3/2026 0:30,NO_DATA,-,-,-,-
8/3/2026 0:31,NO_DATA,-,-,-,-
8/3/2026 0:31,NO_DATA,-,-,-,-
8/3/2026 0:32,NO_DATA,-,-,-,-
8/3/2026 0:32,NO_DATA,-,-,-,-
8/3/2026 0:33,NO_DATA,-,-,-,-
8/3/2026 0:33,NO_DATA,-,-,-,-
8/3/2026 0:34,NO_DATA,-,-,-,-
8/3/2026 0:34,NO_DATA,-,-,-,-
8/3/2026 0:35,NO_DATA,-,-,-,-
8/3/2026 0:35,NO_DATA,-,-,-,-
8/3/2026 0:36,NO_DATA,-,-,-,-
8/3/2026 0:36,NO_DATA,-,-,-,-
8/3/2026 0:37,NO_DATA,-,-,-,-
8/3/2026 0:37,NO_DATA,-,-,-,-
8/3/2026 0:38,NO_DATA,-,-,-,-
8/3/2026 0:38,NO_DATA,-,-,-,-
8/3/2026 0:39,NO_DATA,-,-,-,-
8/3/2026 0:39,NO_DATA,-,-,-,-
8/3/2026 0:40,NO_DATA,-,-,-,-
8/3/2026 0:40,NO_DATA,-,-,-,-
8/3/2026 0:41,NO_DATA,-,-,-,-
8/3/2026 0:41,NO_DATA,-,-,-,-
8/3/2026 0:42,NO_DATA,-,-,-,-
8/3/2026 0:42,NO_DATA,-,-,-,-
8/3/2026 0:43,NO_DATA,-,-,-,-
8/3/2026 0:43,NO_DATA,-,-,-,-
8/3/2026 0:44,NO_DATA,-,-,-,-
8/3/2026 0:44,NO_DATA,-,-,-,-
8/3/2026 0:45,NO_DATA,-,-,-,-
8/3/2026 0:45,NO_DATA,-,-,-,-
8/3/2026 0:46,NO_DATA,-,-,-,-
8/3/2026 0:47,NO_DATA,-,-,-,-
8/3/2026 0:47,NO_DATA,-,-,-,-
8/3/2026 0:48,NO_DATA,-,-,-,-
8/3/2026 0:48,NO_DATA,-,-,-,-
8/3/2026 0:49,NO_DATA,-,-,-,-
8/3/2026 0:49,NO_DATA,-,-,-,-
8/3/2026 0:50,NO_DATA,-,-,-,-
8/3/2026 0:50,NO_DATA,-,-,-,-
8/3/2026 0:51,NO_DATA,-,-,-,-
8/3/2026 0:51,NO_DATA,-,-,-,-
8/3/2026 0:52,NO_DATA,-,-,-,-
8/3/2026 0:52,NO_DATA,-,-,-,-
8/3/2026 0:53,NO_DATA,-,-,-,-
8/3/2026 0:53,NO_DATA,-,-,-,-
8/3/2026 0:54,NO_DATA,-,-,-,-
8/3/2026 0:54,NO_DATA,-,-,-,-
8/3/2026 0:55,NO_DATA,-,-,-,-
8/3/2026 0:55,NO_DATA,-,-,-,-
8/3/2026 0:56,NO_DATA,-,-,-,-
8/3/2026 0:56,NO_DATA,-,-,-,-
8/3/2026 0:57,NO_DATA,-,-,-,-
8/3/2026 0:57,NO_DATA,-,-,-,-
8/3/2026 0:58,NO_DATA,-,-,-,-
8/3/2026 0:58,NO_DATA,-,-,-,-
8/3/2026 0:59,NO_DATA,-,-,-,-
8/3/2026 0:59,NO_DATA,-,-,-,-
8/3/2026 1:00,NO_DATA,-,-,-,-
8/3/2026 1:00,NO_DATA,-,-,-,-
8/3/2026 1:01,NO_DATA,-,-,-,-
8/3/2026 1:01,NO_DATA,-,-,-,-
8/3/2026 1:02,NO_DATA,-,-,-,-
8/3/2026 1:02,NO_DATA,-,-,-,-
8/3/2026 1:03,NO_DATA,-,-,-,-
8/3/2026 1:03,NO_DATA,-,-,-,-
8/3/2026 1:04,NO_DATA,-,-,-,-
8/3/2026 1:05,NO_DATA,-,-,-,-
8/3/2026 1:05,NO_DATA,-,-,-,-
8/3/2026 1:06,NO_DATA,-,-,-,-
8/3/2026 1:06,NO_DATA,-,-,-,-
8/3/2026 1:07,NO_DATA,-,-,-,-
8/3/2026 1:07,NO_DATA,-,-,-,-
8/3/2026 1:08,NO_DATA,-,-,-,-
8/3/2026 1:08,NO_DATA,-,-,-,-
8/3/2026 1:09,NO_DATA,-,-,-,-
8/3/2026 1:09,NO_DATA,-,-,-,-
8/3/2026 1:10,NO_DATA,-,-,-,-
8/3/2026 1:10,NO_DATA,-,-,-,-
8/3/2026 1:11,NO_DATA,-,-,-,-
8/3/2026 1:11,NO_DATA,-,-,-,-
8/3/2026 1:12,NO_DATA,-,-,-,-
8/3/2026 1:12,NO_DATA,-,-,-,-
8/3/2026 1:13,NO_DATA,-,-,-,-
8/3/2026 1:13,NO_DATA,-,-,-,-
8/3/2026 1:14,NO_DATA,-,-,-,-
8/3/2026 1:14,NO_DATA,-,-,-,-
8/3/2026 1:15,NO_DATA,-,-,-,-
8/3/2026 1:15,NO_DATA,-,-,-,-
8/3/2026 1:16,NO_DATA,-,-,-,-
8/3/2026 1:16,NO_DATA,-,-,-,-
8/3/2026 1:17,NO_DATA,-,-,-,-
8/3/2026 1:17,NO_DATA,-,-,-,-
8/3/2026 1:18,NO_DATA,-,-,-,-
8/3/2026 1:18,NO_DATA,-,-,-,-
8/3/2026 1:19,NO_DATA,-,-,-,-
8/3/2026 1:19,NO_DATA,-,-,-,-
8/3/2026 1:20,NO_DATA,-,-,-,-
8/3/2026 1:20,NO_DATA,-,-,-,-
8/3/2026 1:21,NO_DATA,-,-,-,-
8/3/2026 1:21,NO_DATA,-,-,-,-
8/3/2026 1:22,NO_DATA,-,-,-,-
8/3/2026 1:22,NO_DATA,-,-,-,-
8/3/2026 1:23,NO_DATA,-,-,-,-
8/3/2026 1:24,NO_DATA,-,-,-,-
8/3/2026 1:24,NO_DATA,-,-,-,-
8/3/2026 1:25,NO_DATA,-,-,-,-
8/3/2026 1:25,NO_DATA,-,-,-,-
8/3/2026 1:26,NO_DATA,-,-,-,-
8/3/2026 1:26,NO_DATA,-,-,-,-
8/3/2026 1:27,NO_DATA,-,-,-,-
8/3/2026 1:27,NO_DATA,-,-,-,-
8/3/2026 1:28,NO_DATA,-,-,-,-
8/3/2026 1:28,NO_DATA,-,-,-,-
8/3/2026 1:29,NO_DATA,-,-,-,-
8/3/2026 1:29,NO_DATA,-,-,-,-
8/3/2026 1:30,NO_DATA,-,-,-,-
8/3/2026 1:30,NO_DATA,-,-,-,-
8/3/2026 1:31,NO_DATA,-,-,-,-
8/3/2026 1:31,NO_DATA,-,-,-,-
8/3/2026 1:32,NO_DATA,-,-,-,-
8/3/2026 1:32,NO_DATA,-,-,-,-
8/3/2026 1:33,NO_DATA,-,-,-,-
8/3/2026 1:33,NO_DATA,-,-,-,-
8/3/2026 1:34,NO_DATA,-,-,-,-
8/3/2026 1:34,NO_DATA,-,-,-,-
8/3/2026 1:35,NO_DATA,-,-,-,-
8/3/2026 1:35,NO_DATA,-,-,-,-
8/3/2026 1:36,NO_DATA,-,-,-,-
8/3/2026 1:36,NO_DATA,-,-,-,-
8/3/2026 1:37,NO_DATA,-,-,-,-
8/3/2026 1:37,NO_DATA,-,-,-,-
8/3/2026 1:38,NO_DATA,-,-,-,-
8/3/2026 1:38,NO_DATA,-,-,-,-
8/3/2026 1:39,NO_DATA,-,-,-,-
8/3/2026 1:39,NO_DATA,-,-,-,-
8/3/2026 1:40,NO_DATA,-,-,-,-
8/3/2026 1:40,NO_DATA,-,-,-,-
8/3/2026 1:41,NO_DATA,-,-,-,-
8/3/2026 1:42,NO_DATA,-,-,-,-
8/3/2026 1:42,NO_DATA,-,-,-,-
8/3/2026 1:43,NO_DATA,-,-,-,-
8/3/2026 1:43,NO_DATA,-,-,-,-
8/3/2026 1:44,NO_DATA,-,-,-,-
8/3/2026 1:44,NO_DATA,-,-,-,-
8/3/2026 1:45,NO_DATA,-,-,-,-
8/3/2026 1:45,NO_DATA,-,-,-,-
8/3/2026 1:46,NO_DATA,-,-,-,-
8/3/2026 1:46,NO_DATA,-,-,-,-
8/3/2026 1:47,NO_DATA,-,-,-,-
8/3/2026 1:47,NO_DATA,-,-,-,-
8/3/2026 1:48,NO_DATA,-,-,-,-
8/3/2026 1:48,NO_DATA,-,-,-,-
8/3/2026 1:49,NO_DATA,-,-,-,-
8/3/2026 1:49,NO_DATA,-,-,-,-
8/3/2026 1:50,NO_DATA,-,-,-,-
8/3/2026 1:50,NO_DATA,-,-,-,-
8/3/2026 1:51,NO_DATA,-,-,-,-
8/3/2026 1:51,NO_DATA,-,-,-,-
8/3/2026 1:52,NO_DATA,-,-,-,-
8/3/2026 1:52,NO_DATA,-,-,-,-
8/3/2026 1:53,NO_DATA,-,-,-,-
8/3/2026 1:53,NO_DATA,-,-,-,-
8/3/2026 1:54,NO_DATA,-,-,-,-
8/3/2026 1:54,NO_DATA,-,-,-,-
8/3/2026 1:55,NO_DATA,-,-,-,-
8/3/2026 1:55,NO_DATA,-,-,-,-
8/3/2026 1:56,NO_DATA,-,-,-,-
8/3/2026 1:56,NO_DATA,-,-,-,-
8/3/2026 1:57,NO_DATA,-,-,-,-
8/3/2026 1:57,NO_DATA,-,-,-,-
8/3/2026 1:58,NO_DATA,-,-,-,-
8/3/2026 1:58,NO_DATA,-,-,-,-
8/3/2026 1:59,NO_DATA,-,-,-,-
8/3/2026 2:00,NO_DATA,-,-,-,-
8/3/2026 2:00,NO_DATA,-,-,-,-
8/3/2026 2:01,NO_DATA,-,-,-,-
8/3/2026 2:01,NO_DATA,-,-,-,-
8/3/2026 2:02,NO_DATA,-,-,-,-
8/3/2026 2:02,NO_DATA,-,-,-,-
8/3/2026 2:03,NO_DATA,-,-,-,-
8/3/2026 2:03,NO_DATA,-,-,-,-
8/3/2026 2:04,NO_DATA,-,-,-,-
8/3/2026 2:04,NO_DATA,-,-,-,-
8/3/2026 2:05,NO_DATA,-,-,-,-
8/3/2026 2:05,NO_DATA,-,-,-,-
8/3/2026 2:06,NO_DATA,-,-,-,-
8/3/2026 2:06,NO_DATA,-,-,-,-
8/3/2026 2:07,NO_DATA,-,-,-,-
8/3/2026 2:07,NO_DATA,-,-,-,-
8/3/2026 2:08,NO_DATA,-,-,-,-
8/3/2026 2:08,NO_DATA,-,-,-,-
8/3/2026 2:09,NO_DATA,-,-,-,-
8/3/2026 2:09,NO_DATA,-,-,-,-
8/3/2026 2:10,NO_DATA,-,-,-,-
8/3/2026 2:10,NO_DATA,-,-,-,-
8/3/2026 2:11,NO_DATA,-,-,-,-
8/3/2026 2:11,NO_DATA,-,-,-,-
8/3/2026 2:12,NO_DATA,-,-,-,-
8/3/2026 2:12,NO_DATA,-,-,-,-
8/3/2026 2:13,NO_DATA,-,-,-,-
8/3/2026 2:13,NO_DATA,-,-,-,-
8/3/2026 2:14,NO_DATA,-,-,-,-
8/3/2026 2:14,NO_DATA,-,-,-,-
8/3/2026 2:15,NO_DATA,-,-,-,-
8/3/2026 2:15,NO_DATA,-,-,-,-
8/3/2026 2:16,NO_DATA,-,-,-,-
8/3/2026 2:16,NO_DATA,-,-,-,-
8/3/2026 2:17,NO_DATA,-,-,-,-
8/3/2026 2:18,NO_DATA,-,-,-,-
8/3/2026 2:18,NO_DATA,-,-,-,-
8/3/2026 2:19,NO_DATA,-,-,-,-
8/3/2026 2:19,NO_DATA,-,-,-,-
8/3/2026 2:20,NO_DATA,-,-,-,-
8/3/2026 2:20,NO_DATA,-,-,-,-
8/3/2026 2:21,NO_DATA,-,-,-,-
8/3/2026 2:21,NO_DATA,-,-,-,-
8/3/2026 2:22,NO_DATA,-,-,-,-
8/3/2026 2:22,NO_DATA,-,-,-,-
8/3/2026 2:23,NO_DATA,-,-,-,-
8/3/2026 2:23,NO_DATA,-,-,-,-
8/3/2026 2:24,NO_DATA,-,-,-,-
8/3/2026 2:24,NO_DATA,-,-,-,-
8/3/2026 2:25,NO_DATA,-,-,-,-
8/3/2026 2:25,NO_DATA,-,-,-,-
8/3/2026 2:26,NO_DATA,-,-,-,-
8/3/2026 2:26,NO_DATA,-,-,-,-
8/3/2026 2:27,NO_DATA,-,-,-,-
8/3/2026 2:27,NO_DATA,-,-,-,-
8/3/2026 2:28,NO_DATA,-,-,-,-
8/3/2026 2:28,NO_DATA,-,-,-,-
8/3/2026 2:29,NO_DATA,-,-,-,-
8/3/2026 2:29,NO_DATA,-,-,-,-
8/3/2026 2:30,NO_DATA,-,-,-,-
8/3/2026 2:30,NO_DATA,-,-,-,-
8/3/2026 2:31,NO_DATA,-,-,-,-
8/3/2026 2:31,NO_DATA,-,-,-,-
8/3/2026 2:32,NO_DATA,-,-,-,-
8/3/2026 2:32,NO_DATA,-,-,-,-
8/3/2026 2:33,NO_DATA,-,-,-,-
8/3/2026 2:33,NO_DATA,-,-,-,-
8/3/2026 2:34,NO_DATA,-,-,-,-
8/3/2026 2:34,NO_DATA,-,-,-,-
8/3/2026 2:35,NO_DATA,-,-,-,-
8/3/2026 2:35,NO_DATA,-,-,-,-
8/3/2026 2:36,NO_DATA,-,-,-,-
8/3/2026 2:37,NO_DATA,-,-,-,-
8/3/2026 2:37,NO_DATA,-,-,-,-
8/3/2026 2:38,NO_DATA,-,-,-,-
8/3/2026 2:38,NO_DATA,-,-,-,-
8/3/2026 2:39,NO_DATA,-,-,-,-
8/3/2026 2:39,NO_DATA,-,-,-,-
8/3/2026 2:40,NO_DATA,-,-,-,-
8/3/2026 2:40,NO_DATA,-,-,-,-
8/3/2026 2:41,NO_DATA,-,-,-,-
8/3/2026 2:41,NO_DATA,-,-,-,-
8/3/2026 2:42,NO_DATA,-,-,-,-
8/3/2026 2:42,NO_DATA,-,-,-,-
8/3/2026 2:43,NO_DATA,-,-,-,-
8/3/2026 2:43,NO_DATA,-,-,-,-
8/3/2026 2:44,NO_DATA,-,-,-,-
8/3/2026 2:44,NO_DATA,-,-,-,-
8/3/2026 2:45,NO_DATA,-,-,-,-
8/3/2026 2:45,NO_DATA,-,-,-,-
8/3/2026 2:46,NO_DATA,-,-,-,-
8/3/2026 2:46,NO_DATA,-,-,-,-
8/3/2026 2:47,NO_DATA,-,-,-,-
8/3/2026 2:47,NO_DATA,-,-,-,-
8/3/2026 2:48,NO_DATA,-,-,-,-
8/3/2026 2:48,NO_DATA,-,-,-,-
8/3/2026 2:49,NO_DATA,-,-,-,-
8/3/2026 2:49,NO_DATA,-,-,-,-
8/3/2026 2:50,NO_DATA,-,-,-,-
8/3/2026 2:50,NO_DATA,-,-,-,-
8/3/2026 2:51,NO_DATA,-,-,-,-
8/3/2026 2:51,NO_DATA,-,-,-,-
8/3/2026 2:52,NO_DATA,-,-,-,-
8/3/2026 2:52,NO_DATA,-,-,-,-
8/3/2026 2:53,NO_DATA,-,-,-,-
8/3/2026 2:53,NO_DATA,-,-,-,-
8/3/2026 2:54,NO_DATA,-,-,-,-
8/3/2026 2:55,NO_DATA,-,-,-,-
8/3/2026 2:55,NO_DATA,-,-,-,-
8/3/2026 2:56,NO_DATA,-,-,-,-
8/3/2026 2:56,NO_DATA,-,-,-,-
8/3/2026 2:57,NO_DATA,-,-,-,-
8/3/2026 2:57,NO_DATA,-,-,-,-
8/3/2026 2:58,NO_DATA,-,-,-,-
8/3/2026 2:58,NO_DATA,-,-,-,-
8/3/2026 2:59,NO_DATA,-,-,-,-
8/3/2026 2:59,NO_DATA,-,-,-,-
8/3/2026 3:00,NO_DATA,-,-,-,-
8/3/2026 3:00,NO_DATA,-,-,-,-
8/3/2026 3:01,NO_DATA,-,-,-,-
8/3/2026 3:01,NO_DATA,-,-,-,-
8/3/2026 3:02,NO_DATA,-,-,-,-
8/3/2026 3:02,NO_DATA,-,-,-,-
8/3/2026 3:03,NO_DATA,-,-,-,-
8/3/2026 3:03,NO_DATA,-,-,-,-
8/3/2026 3:04,NO_DATA,-,-,-,-
8/3/2026 3:04,NO_DATA,-,-,-,-
8/3/2026 3:05,NO_DATA,-,-,-,-
8/3/2026 3:05,NO_DATA,-,-,-,-
8/3/2026 3:06,NO_DATA,-,-,-,-
8/3/2026 3:06,NO_DATA,-,-,-,-
8/3/2026 3:07,NO_DATA,-,-,-,-
8/3/2026 3:07,NO_DATA,-,-,-,-
8/3/2026 3:08,NO_DATA,-,-,-,-
8/3/2026 3:08,NO_DATA,-,-,-,-
8/3/2026 3:09,NO_DATA,-,-,-,-
8/3/2026 3:09,NO_DATA,-,-,-,-
8/3/2026 3:10,NO_DATA,-,-,-,-
8/3/2026 3:10,NO_DATA,-,-,-,-
8/3/2026 3:11,NO_DATA,-,-,-,-
8/3/2026 3:11,NO_DATA,-,-,-,-
8/3/2026 3:12,NO_DATA,-,-,-,-
8/3/2026 3:13,NO_DATA,-,-,-,-
8/3/2026 3:13,NO_DATA,-,-,-,-
8/3/2026 3:14,NO_DATA,-,-,-,-
8/3/2026 3:14,NO_DATA,-,-,-,-
8/3/2026 3:15,NO_DATA,-,-,-,-
8/3/2026 3:15,NO_DATA,-,-,-,-
8/3/2026 3:16,NO_DATA,-,-,-,-
8/3/2026 3:16,NO_DATA,-,-,-,-
8/3/2026 3:17,NO_DATA,-,-,-,-
8/3/2026 3:17,NO_DATA,-,-,-,-
8/3/2026 3:18,NO_DATA,-,-,-,-
8/3/2026 3:18,NO_DATA,-,-,-,-
8/3/2026 3:19,NO_DATA,-,-,-,-
8/3/2026 3:19,NO_DATA,-,-,-,-
8/3/2026 3:20,NO_DATA,-,-,-,-
8/3/2026 3:20,NO_DATA,-,-,-,-
8/3/2026 3:21,NO_DATA,-,-,-,-
8/3/2026 3:21,NO_DATA,-,-,-,-
8/3/2026 3:22,NO_DATA,-,-,-,-
8/3/2026 3:22,NO_DATA,-,-,-,-
8/3/2026 3:23,NO_DATA,-,-,-,-
8/3/2026 3:23,NO_DATA,-,-,-,-
8/3/2026 3:24,NO_DATA,-,-,-,-
8/3/2026 3:24,NO_DATA,-,-,-,-
8/3/2026 3:25,NO_DATA,-,-,-,-
8/3/2026 3:25,NO_DATA,-,-,-,-
8/3/2026 3:26,NO_DATA,-,-,-,-
8/3/2026 3:26,NO_DATA,-,-,-,-
8/3/2026 3:27,NO_DATA,-,-,-,-
8/3/2026 3:27,NO_DATA,-,-,-,-
8/3/2026 3:28,NO_DATA,-,-,-,-
8/3/2026 3:28,NO_DATA,-,-,-,-
8/3/2026 3:29,NO_DATA,-,-,-,-
8/3/2026 3:29,NO_DATA,-,-,-,-
8/3/2026 3:30,NO_DATA,-,-,-,-
8/3/2026 3:30,NO_DATA,-,-,-,-
8/3/2026 3:31,NO_DATA,-,-,-,-
8/3/2026 3:32,NO_DATA,-,-,-,-
8/3/2026 3:32,NO_DATA,-,-,-,-
8/3/2026 3:33,NO_DATA,-,-,-,-
8/3/2026 3:33,NO_DATA,-,-,-,-
8/3/2026 3:34,NO_DATA,-,-,-,-
8/3/2026 3:34,NO_DATA,-,-,-,-
8/3/2026 3:35,NO_DATA,-,-,-,-
8/3/2026 3:35,NO_DATA,-,-,-,-
8/3/2026 3:36,NO_DATA,-,-,-,-
8/3/2026 3:36,NO_DATA,-,-,-,-
8/3/2026 3:37,NO_DATA,-,-,-,-
8/3/2026 3:37,NO_DATA,-,-,-,-
8/3/2026 3:38,NO_DATA,-,-,-,-
8/3/2026 3:38,NO_DATA,-,-,-,-
8/3/2026 3:39,NO_DATA,-,-,-,-
8/3/2026 3:39,NO_DATA,-,-,-,-
8/3/2026 3:40,NO_DATA,-,-,-,-
8/3/2026 3:40,NO_DATA,-,-,-,-
8/3/2026 3:41,NO_DATA,-,-,-,-
8/3/2026 3:41,NO_DATA,-,-,-,-
8/3/2026 3:42,NO_DATA,-,-,-,-
8/3/2026 3:42,NO_DATA,-,-,-,-
8/3/2026 3:43,NO_DATA,-,-,-,-
8/3/2026 3:43,NO_DATA,-,-,-,-
8/3/2026 3:44,NO_DATA,-,-,-,-
8/3/2026 3:44,NO_DATA,-,-,-,-
8/3/2026 3:45,NO_DATA,-,-,-,-
8/3/2026 3:45,NO_DATA,-,-,-,-
8/3/2026 3:46,NO_DATA,-,-,-,-
8/3/2026 3:46,NO_DATA,-,-,-,-
8/3/2026 3:47,NO_DATA,-,-,-,-
8/3/2026 3:47,NO_DATA,-,-,-,-
8/3/2026 3:48,NO_DATA,-,-,-,-
8/3/2026 3:48,NO_DATA,-,-,-,-
8/3/2026 3:49,NO_DATA,-,-,-,-
8/3/2026 3:50,NO_DATA,-,-,-,-
8/3/2026 3:50,NO_DATA,-,-,-,-
8/3/2026 3:51,NO_DATA,-,-,-,-
8/3/2026 3:51,NO_DATA,-,-,-,-
8/3/2026 3:52,NO_DATA,-,-,-,-
8/3/2026 3:52,NO_DATA,-,-,-,-
8/3/2026 3:53,NO_DATA,-,-,-,-
8/3/2026 3:53,NO_DATA,-,-,-,-
8/3/2026 3:54,NO_DATA,-,-,-,-
8/3/2026 3:54,NO_DATA,-,-,-,-
8/3/2026 3:55,NO_DATA,-,-,-,-
8/3/2026 3:55,NO_DATA,-,-,-,-
8/3/2026 3:56,NO_DATA,-,-,-,-
8/3/2026 3:56,NO_DATA,-,-,-,-
8/3/2026 3:57,NO_DATA,-,-,-,-
8/3/2026 3:57,NO_DATA,-,-,-,-
8/3/2026 3:58,NO_DATA,-,-,-,-
8/3/2026 3:58,NO_DATA,-,-,-,-
8/3/2026 3:59,NO_DATA,-,-,-,-
8/3/2026 3:59,NO_DATA,-,-,-,-
8/3/2026 4:00,NO_DATA,-,-,-,-
8/3/2026 4:00,NO_DATA,-,-,-,-
8/3/2026 4:01,NO_DATA,-,-,-,-
8/3/2026 4:01,NO_DATA,-,-,-,-
8/3/2026 4:02,NO_DATA,-,-,-,-
8/3/2026 4:02,NO_DATA,-,-,-,-
8/3/2026 4:03,NO_DATA,-,-,-,-
8/3/2026 4:03,NO_DATA,-,-,-,-
8/3/2026 4:04,NO_DATA,-,-,-,-
8/3/2026 4:04,NO_DATA,-,-,-,-
8/3/2026 4:05,NO_DATA,-,-,-,-
8/3/2026 4:05,NO_DATA,-,-,-,-
8/3/2026 4:06,NO_DATA,-,-,-,-
8/3/2026 4:06,NO_DATA,-,-,-,-
8/3/2026 4:07,NO_DATA,-,-,-,-
8/3/2026 4:08,NO_DATA,-,-,-,-
8/3/2026 4:08,NO_DATA,-,-,-,-
8/3/2026 4:09,NO_DATA,-,-,-,-
8/3/2026 4:09,NO_DATA,-,-,-,-
8/3/2026 4:10,NO_DATA,-,-,-,-
8/3/2026 4:10,NO_DATA,-,-,-,-
8/3/2026 4:11,NO_DATA,-,-,-,-
8/3/2026 4:11,NO_DATA,-,-,-,-
8/3/2026 4:12,NO_DATA,-,-,-,-
8/3/2026 4:12,NO_DATA,-,-,-,-
8/3/2026 4:13,NO_DATA,-,-,-,-
8/3/2026 4:13,NO_DATA,-,-,-,-
8/3/2026 4:14,NO_DATA,-,-,-,-
8/3/2026 4:14,NO_DATA,-,-,-,-
8/3/2026 4:15,NO_DATA,-,-,-,-
8/3/2026 4:15,NO_DATA,-,-,-,-
8/3/2026 4:16,NO_DATA,-,-,-,-
8/3/2026 4:16,NO_DATA,-,-,-,-
8/3/2026 4:17,NO_DATA,-,-,-,-
8/3/2026 4:17,NO_DATA,-,-,-,-
8/3/2026 4:18,NO_DATA,-,-,-,-
8/3/2026 4:18,NO_DATA,-,-,-,-
8/3/2026 4:19,NO_DATA,-,-,-,-
8/3/2026 4:19,NO_DATA,-,-,-,-
8/3/2026 4:20,NO_DATA,-,-,-,-
8/3/2026 4:20,NO_DATA,-,-,-,-
8/3/2026 4:21,NO_DATA,-,-,-,-
8/3/2026 4:21,NO_DATA,-,-,-,-
8/3/2026 4:22,NO_DATA,-,-,-,-
8/3/2026 4:22,NO_DATA,-,-,-,-
8/3/2026 4:23,NO_DATA,-,-,-,-
8/3/2026 4:23,NO_DATA,-,-,-,-
8/3/2026 4:24,NO_DATA,-,-,-,-
8/3/2026 4:24,NO_DATA,-,-,-,-
8/3/2026 4:25,NO_DATA,-,-,-,-
8/3/2026 4:25,NO_DATA,-,-,-,-
8/3/2026 4:26,NO_DATA,-,-,-,-
8/3/2026 4:27,NO_DATA,-,-,-,-
8/3/2026 4:27,NO_DATA,-,-,-,-
8/3/2026 4:28,NO_DATA,-,-,-,-
8/3/2026 4:28,NO_DATA,-,-,-,-
8/3/2026 4:29,NO_DATA,-,-,-,-
8/3/2026 4:29,NO_DATA,-,-,-,-
8/3/2026 4:30,NO_DATA,-,-,-,-
8/3/2026 4:30,NO_DATA,-,-,-,-
8/3/2026 4:31,NO_DATA,-,-,-,-
8/3/2026 4:31,NO_DATA,-,-,-,-
8/3/2026 4:32,NO_DATA,-,-,-,-
8/3/2026 4:32,NO_DATA,-,-,-,-
8/3/2026 4:33,NO_DATA,-,-,-,-
8/3/2026 4:33,NO_DATA,-,-,-,-
8/3/2026 4:34,NO_DATA,-,-,-,-
8/3/2026 4:34,NO_DATA,-,-,-,-
8/3/2026 4:35,NO_DATA,-,-,-,-
8/3/2026 4:35,NO_DATA,-,-,-,-
8/3/2026 4:36,NO_DATA,-,-,-,-
8/3/2026 4:36,NO_DATA,-,-,-,-
8/3/2026 4:37,NO_DATA,-,-,-,-
8/3/2026 4:37,NO_DATA,-,-,-,-
8/3/2026 4:38,NO_DATA,-,-,-,-
8/3/2026 4:38,NO_DATA,-,-,-,-
8/3/2026 4:39,NO_DATA,-,-,-,-
8/3/2026 4:39,NO_DATA,-,-,-,-
8/3/2026 4:40,NO_DATA,-,-,-,-
8/3/2026 4:40,NO_DATA,-,-,-,-
8/3/2026 4:41,NO_DATA,-,-,-,-
8/3/2026 4:41,NO_DATA,-,-,-,-
8/3/2026 4:42,NO_DATA,-,-,-,-
8/3/2026 4:42,NO_DATA,-,-,-,-
8/3/2026 4:43,NO_DATA,-,-,-,-
8/3/2026 4:43,NO_DATA,-,-,-,-
8/3/2026 4:44,NO_DATA,-,-,-,-
8/3/2026 4:44,NO_DATA,-,-,-,-
8/3/2026 4:45,NO_DATA,-,-,-,-
8/3/2026 4:45,NO_DATA,-,-,-,-
8/3/2026 4:46,NO_DATA,-,-,-,-
8/3/2026 4:47,NO_DATA,-,-,-,-
8/3/2026 4:47,NO_DATA,-,-,-,-
8/3/2026 4:48,NO_DATA,-,-,-,-
8/3/2026 4:48,NO_DATA,-,-,-,-
8/3/2026 4:49,NO_DATA,-,-,-,-
8/3/2026 4:49,NO_DATA,-,-,-,-
8/3/2026 4:50,NO_DATA,-,-,-,-
8/3/2026 4:50,NO_DATA,-,-,-,-
8/3/2026 4:51,NO_DATA,-,-,-,-
8/3/2026 4:51,NO_DATA,-,-,-,-
8/3/2026 4:52,NO_DATA,-,-,-,-
8/3/2026 4:52,NO_DATA,-,-,-,-
8/3/2026 4:53,NO_DATA,-,-,-,-
8/3/2026 4:53,NO_DATA,-,-,-,-
8/3/2026 4:54,NO_DATA,-,-,-,-
8/3/2026 4:54,NO_DATA,-,-,-,-
8/3/2026 4:55,NO_DATA,-,-,-,-
8/3/2026 4:55,NO_DATA,-,-,-,-
8/3/2026 4:56,NO_DATA,-,-,-,-
8/3/2026 4:56,NO_DATA,-,-,-,-
8/3/2026 4:57,NO_DATA,-,-,-,-
8/3/2026 4:57,NO_DATA,-,-,-,-
8/3/2026 4:58,NO_DATA,-,-,-,-
8/3/2026 4:58,NO_DATA,-,-,-,-
8/3/2026 4:59,NO_DATA,-,-,-,-
8/3/2026 4:59,NO_DATA,-,-,-,-
8/3/2026 5:00,NO_DATA,-,-,-,-
8/3/2026 5:00,NO_DATA,-,-,-,-
8/3/2026 5:01,NO_DATA,-,-,-,-
8/3/2026 5:01,NO_DATA,-,-,-,-
8/3/2026 5:02,NO_DATA,-,-,-,-
8/3/2026 5:02,NO_DATA,-,-,-,-
8/3/2026 5:03,NO_DATA,-,-,-,-
8/3/2026 5:03,NO_DATA,-,-,-,-
8/3/2026 5:04,NO_DATA,-,-,-,-
8/3/2026 5:04,NO_DATA,-,-,-,-
8/3/2026 5:05,NO_DATA,-,-,-,-
8/3/2026 5:06,NO_DATA,-,-,-,-
8/3/2026 5:06,NO_DATA,-,-,-,-
8/3/2026 5:07,NO_DATA,-,-,-,-
8/3/2026 5:07,NO_DATA,-,-,-,-
8/3/2026 5:08,NO_DATA,-,-,-,-
8/3/2026 5:08,NO_DATA,-,-,-,-
8/3/2026 5:09,NO_DATA,-,-,-,-
8/3/2026 5:09,NO_DATA,-,-,-,-
8/3/2026 5:10,NO_DATA,-,-,-,-
8/3/2026 5:10,NO_DATA,-,-,-,-
8/3/2026 5:11,NO_DATA,-,-,-,-
8/3/2026 5:11,NO_DATA,-,-,-,-
8/3/2026 5:12,NO_DATA,-,-,-,-
8/3/2026 5:12,NO_DATA,-,-,-,-
8/3/2026 5:13,NO_DATA,-,-,-,-
8/3/2026 5:13,NO_DATA,-,-,-,-
8/3/2026 5:14,NO_DATA,-,-,-,-
8/3/2026 5:14,NO_DATA,-,-,-,-
8/3/2026 5:15,NO_DATA,-,-,-,-
8/3/2026 5:15,NO_DATA,-,-,-,-
8/3/2026 5:16,NO_DATA,-,-,-,-
8/3/2026 5:16,NO_DATA,-,-,-,-
8/3/2026 5:17,NO_DATA,-,-,-,-
8/3/2026 5:17,NO_DATA,-,-,-,-
8/3/2026 5:18,NO_DATA,-,-,-,-
8/3/2026 5:18,NO_DATA,-,-,-,-
8/3/2026 5:19,NO_DATA,-,-,-,-
8/3/2026 5:19,NO_DATA,-,-,-,-
8/3/2026 5:20,NO_DATA,-,-,-,-
8/3/2026 5:20,NO_DATA,-,-,-,-
8/3/2026 5:21,NO_DATA,-,-,-,-
8/3/2026 5:21,NO_DATA,-,-,-,-
8/3/2026 5:22,NO_DATA,-,-,-,-
8/3/2026 5:22,NO_DATA,-,-,-,-
8/3/2026 5:23,NO_DATA,-,-,-,-
8/3/2026 5:24,NO_DATA,-,-,-,-
8/3/2026 5:24,NO_DATA,-,-,-,-
8/3/2026 5:25,NO_DATA,-,-,-,-
8/3/2026 5:25,NO_DATA,-,-,-,-
8/3/2026 5:26,NO_DATA,-,-,-,-
8/3/2026 5:26,NO_DATA,-,-,-,-
8/3/2026 5:27,NO_DATA,-,-,-,-
8/3/2026 5:27,NO_DATA,-,-,-,-
8/3/2026 5:28,NO_DATA,-,-,-,-
8/3/2026 5:28,NO_DATA,-,-,-,-
8/3/2026 5:29,NO_DATA,-,-,-,-
8/3/2026 5:29,NO_DATA,-,-,-,-
8/3/2026 5:30,NO_DATA,-,-,-,-
8/3/2026 5:30,NO_DATA,-,-,-,-
8/3/2026 5:31,NO_DATA,-,-,-,-
8/3/2026 5:31,NO_DATA,-,-,-,-
8/3/2026 5:32,NO_DATA,-,-,-,-
8/3/2026 5:32,NO_DATA,-,-,-,-
8/3/2026 5:33,NO_DATA,-,-,-,-
8/3/2026 5:33,NO_DATA,-,-,-,-
8/3/2026 5:34,NO_DATA,-,-,-,-
8/3/2026 5:34,NO_DATA,-,-,-,-
8/3/2026 5:35,NO_DATA,-,-,-,-
8/3/2026 5:35,NO_DATA,-,-,-,-
8/3/2026 5:36,NO_DATA,-,-,-,-
8/3/2026 5:36,NO_DATA,-,-,-,-
8/3/2026 5:37,NO_DATA,-,-,-,-
8/3/2026 5:37,NO_DATA,-,-,-,-
8/3/2026 5:38,NO_DATA,-,-,-,-
8/3/2026 5:38,NO_DATA,-,-,-,-
8/3/2026 5:39,NO_DATA,-,-,-,-
8/3/2026 5:39,NO_DATA,-,-,-,-
8/3/2026 5:40,NO_DATA,-,-,-,-
8/3/2026 5:40,NO_DATA,-,-,-,-
8/3/2026 5:41,NO_DATA,-,-,-,-
8/3/2026 5:42,NO_DATA,-,-,-,-
8/3/2026 5:42,NO_DATA,-,-,-,-
8/3/2026 5:43,NO_DATA,-,-,-,-
8/3/2026 5:43,NO_DATA,-,-,-,-
8/3/2026 5:44,NO_DATA,-,-,-,-
8/3/2026 5:44,NO_DATA,-,-,-,-
8/3/2026 5:45,NO_DATA,-,-,-,-
8/3/2026 5:45,NO_DATA,-,-,-,-
8/3/2026 5:46,NO_DATA,-,-,-,-
8/3/2026 5:46,NO_DATA,-,-,-,-
8/3/2026 5:47,NO_DATA,-,-,-,-
8/3/2026 5:47,NO_DATA,-,-,-,-
8/3/2026 5:48,NO_DATA,-,-,-,-
8/3/2026 5:48,NO_DATA,-,-,-,-
8/3/2026 5:49,NO_DATA,-,-,-,-
8/3/2026 5:49,NO_DATA,-,-,-,-
8/3/2026 5:50,NO_DATA,-,-,-,-
8/3/2026 5:50,NO_DATA,-,-,-,-
8/3/2026 5:51,NO_DATA,-,-,-,-
8/3/2026 5:51,NO_DATA,-,-,-,-
8/3/2026 5:52,NO_DATA,-,-,-,-
8/3/2026 5:52,NO_DATA,-,-,-,-
8/3/2026 5:53,NO_DATA,-,-,-,-
8/3/2026 5:53,NO_DATA,-,-,-,-
8/3/2026 5:54,NO_DATA,-,-,-,-
8/3/2026 5:54,NO_DATA,-,-,-,-
8/3/2026 5:55,NO_DATA,-,-,-,-
8/3/2026 5:55,NO_DATA,-,-,-,-
8/3/2026 5:56,NO_DATA,-,-,-,-
8/3/2026 5:56,NO_DATA,-,-,-,-
8/3/2026 5:57,NO_DATA,-,-,-,-
8/3/2026 5:57,NO_DATA,-,-,-,-
8/3/2026 5:58,NO_DATA,-,-,-,-
8/3/2026 5:58,NO_DATA,-,-,-,-
8/3/2026 5:59,NO_DATA,-,-,-,-
8/3/2026 6:00,NO_DATA,-,-,-,-
8/3/2026 6:00,NO_DATA,-,-,-,-
8/3/2026 6:01,NO_DATA,-,-,-,-
8/3/2026 6:01,NO_DATA,-,-,-,-
8/3/2026 6:02,NO_DATA,-,-,-,-
8/3/2026 6:02,NO_DATA,-,-,-,-
8/3/2026 6:03,NO_DATA,-,-,-,-
8/3/2026 6:03,NO_DATA,-,-,-,-
8/3/2026 6:04,NO_DATA,-,-,-,-
8/3/2026 6:04,NO_DATA,-,-,-,-
8/3/2026 6:05,NO_DATA,-,-,-,-
8/3/2026 6:05,NO_DATA,-,-,-,-
8/3/2026 6:06,NO_DATA,-,-,-,-
8/3/2026 6:06,NO_DATA,-,-,-,-
8/3/2026 6:07,NO_DATA,-,-,-,-
8/3/2026 6:07,NO_DATA,-,-,-,-
8/3/2026 6:08,NO_DATA,-,-,-,-
8/3/2026 6:08,NO_DATA,-,-,-,-
8/3/2026 6:09,NO_DATA,-,-,-,-
8/3/2026 6:09,NO_DATA,-,-,-,-
8/3/2026 6:10,NO_DATA,-,-,-,-
8/3/2026 6:10,NO_DATA,-,-,-,-
8/3/2026 6:11,NO_DATA,-,-,-,-
8/3/2026 6:11,NO_DATA,-,-,-,-
8/3/2026 6:12,NO_DATA,-,-,-,-
8/3/2026 6:12,NO_DATA,-,-,-,-
8/3/2026 6:13,NO_DATA,-,-,-,-
8/3/2026 6:13,NO_DATA,-,-,-,-
8/3/2026 6:14,NO_DATA,-,-,-,-
8/3/2026 6:14,NO_DATA,-,-,-,-
8/3/2026 6:15,NO_DATA,-,-,-,-
8/3/2026 6:15,NO_DATA,-,-,-,-
8/3/2026 6:16,NO_DATA,-,-,-,-
8/3/2026 6:16,NO_DATA,-,-,-,-
8/3/2026 6:17,NO_DATA,-,-,-,-
8/3/2026 6:18,NO_DATA,-,-,-,-
8/3/2026 6:18,NO_DATA,-,-,-,-
8/3/2026 6:19,NO_DATA,-,-,-,-
8/3/2026 6:19,NO_DATA,-,-,-,-
8/3/2026 6:20,NO_DATA,-,-,-,-
8/3/2026 6:20,NO_DATA,-,-,-,-
8/3/2026 6:21,NO_DATA,-,-,-,-
8/3/2026 6:21,NO_DATA,-,-,-,-
8/3/2026 6:22,NO_DATA,-,-,-,-
8/3/2026 6:22,NO_DATA,-,-,-,-
8/3/2026 6:23,NO_DATA,-,-,-,-
8/3/2026 6:23,NO_DATA,-,-,-,-
8/3/2026 6:24,NO_DATA,-,-,-,-
8/3/2026 6:24,NO_DATA,-,-,-,-
8/3/2026 6:25,NO_DATA,-,-,-,-
8/3/2026 6:25,NO_DATA,-,-,-,-
8/3/2026 6:26,NO_DATA,-,-,-,-
8/3/2026 6:26,NO_DATA,-,-,-,-
8/3/2026 6:27,NO_DATA,-,-,-,-
8/3/2026 6:27,NO_DATA,-,-,-,-
8/3/2026 6:28,NO_DATA,-,-,-,-
8/3/2026 6:28,NO_DATA,-,-,-,-
8/3/2026 6:29,NO_DATA,-,-,-,-
8/3/2026 6:29,NO_DATA,-,-,-,-
8/3/2026 6:30,NO_DATA,-,-,-,-
8/3/2026 6:30,NO_DATA,-,-,-,-
8/3/2026 6:31,NO_DATA,-,-,-,-
8/3/2026 6:31,NO_DATA,-,-,-,-
8/3/2026 6:32,NO_DATA,-,-,-,-
8/3/2026 6:32,NO_DATA,-,-,-,-
8/3/2026 6:33,NO_DATA,-,-,-,-
8/3/2026 6:33,NO_DATA,-,-,-,-
8/3/2026 6:34,NO_DATA,-,-,-,-
8/3/2026 6:34,NO_DATA,-,-,-,-
8/3/2026 6:35,NO_DATA,-,-,-,-
8/3/2026 6:35,NO_DATA,-,-,-,-
8/3/2026 6:36,NO_DATA,-,-,-,-
8/3/2026 6:37,NO_DATA,-,-,-,-
8/3/2026 6:37,NO_DATA,-,-,-,-
8/3/2026 6:38,NO_DATA,-,-,-,-
8/3/2026 6:38,NO_DATA,-,-,-,-
8/3/2026 6:39,NO_DATA,-,-,-,-
8/3/2026 6:39,NO_DATA,-,-,-,-
8/3/2026 6:40,NO_DATA,-,-,-,-
8/3/2026 6:40,NO_DATA,-,-,-,-
8/3/2026 6:41,NO_DATA,-,-,-,-
8/3/2026 6:41,NO_DATA,-,-,-,-
8/3/2026 6:42,NO_DATA,-,-,-,-
8/3/2026 6:42,NO_DATA,-,-,-,-
8/3/2026 6:43,NO_DATA,-,-,-,-
8/3/2026 6:43,NO_DATA,-,-,-,-
8/3/2026 6:44,NO_DATA,-,-,-,-
8/3/2026 6:44,NO_DATA,-,-,-,-
8/3/2026 6:45,NO_DATA,-,-,-,-
8/3/2026 6:45,NO_DATA,-,-,-,-
8/3/2026 6:46,NO_DATA,-,-,-,-
8/3/2026 6:46,NO_DATA,-,-,-,-
8/3/2026 6:47,NO_DATA,-,-,-,-
8/3/2026 6:47,NO_DATA,-,-,-,-
8/3/2026 6:48,NO_DATA,-,-,-,-
8/3/2026 6:48,NO_DATA,-,-,-,-
8/3/2026 6:49,NO_DATA,-,-,-,-
8/3/2026 6:49,NO_DATA,-,-,-,-
8/3/2026 6:50,NO_DATA,-,-,-,-
8/3/2026 6:50,NO_DATA,-,-,-,-
8/3/2026 6:51,NO_DATA,-,-,-,-
8/3/2026 6:51,NO_DATA,-,-,-,-
8/3/2026 6:52,NO_DATA,-,-,-,-
8/3/2026 6:52,NO_DATA,-,-,-,-
8/3/2026 6:53,NO_DATA,-,-,-,-
8/3/2026 6:53,NO_DATA,-,-,-,-
8/3/2026 6:54,NO_DATA,-,-,-,-
8/3/2026 6:54,NO_DATA,-,-,-,-
8/3/2026 6:55,NO_DATA,-,-,-,-
8/3/2026 6:55,NO_DATA,-,-,-,-
8/3/2026 6:56,NO_DATA,-,-,-,-
8/3/2026 6:57,NO_DATA,-,-,-,-
8/3/2026 6:57,NO_DATA,-,-,-,-
8/3/2026 6:58,NO_DATA,-,-,-,-
8/3/2026 6:58,NO_DATA,-,-,-,-
8/3/2026 6:59,NO_DATA,-,-,-,-
8/3/2026 6:59,NO_DATA,-,-,-,-
8/3/2026 7:00,NO_DATA,-,-,-,-
8/3/2026 7:00,NO_DATA,-,-,-,-
8/3/2026 7:01,NO_DATA,-,-,-,-
8/3/2026 7:01,NO_DATA,-,-,-,-
8/3/2026 7:02,NO_DATA,-,-,-,-
8/3/2026 7:02,NO_DATA,-,-,-,-
8/3/2026 7:03,NO_DATA,-,-,-,-
8/3/2026 7:03,NO_DATA,-,-,-,-
8/3/2026 7:04,NO_DATA,-,-,-,-
8/3/2026 7:04,NO_DATA,-,-,-,-
8/3/2026 7:05,NO_DATA,-,-,-,-
8/3/2026 7:05,NO_DATA,-,-,-,-
8/3/2026 7:06,NO_DATA,-,-,-,-
8/3/2026 7:06,NO_DATA,-,-,-,-
8/3/2026 7:07,NO_DATA,-,-,-,-
8/3/2026 7:07,NO_DATA,-,-,-,-
8/3/2026 7:08,NO_DATA,-,-,-,-
8/3/2026 7:08,NO_DATA,-,-,-,-
8/3/2026 7:09,NO_DATA,-,-,-,-
8/3/2026 7:09,NO_DATA,-,-,-,-
8/3/2026 7:10,NO_DATA,-,-,-,-
8/3/2026 7:10,NO_DATA,-,-,-,-
8/3/2026 7:11,NO_DATA,-,-,-,-
8/3/2026 7:11,NO_DATA,-,-,-,-
8/3/2026 7:12,NO_DATA,-,-,-,-
8/3/2026 7:12,NO_DATA,-,-,-,-
8/3/2026 7:13,NO_DATA,-,-,-,-
8/3/2026 10:17,NO_DATA,-,-,-,-
8/3/2026 10:17,NO_DATA,-,-,-,-
8/3/2026 10:18,NO_DATA,-,-,-,-
8/3/2026 10:18,NO_DATA,-,-,-,-
8/3/2026 10:19,NO_DATA,-,-,-,-
8/3/2026 10:19,NO_DATA,-,-,-,-
8/3/2026 10:20,NO_DATA,-,-,-,-
8/3/2026 10:20,NO_DATA,-,-,-,-
8/3/2026 10:21,NO_DATA,-,-,-,-
8/3/2026 10:21,NO_DATA,-,-,-,-
8/3/2026 10:22,NO_DATA,-,-,-,-
8/3/2026 10:22,NO_DATA,-,-,-,-
8/3/2026 10:23,NO_DATA,-,-,-,-
8/3/2026 10:23,NO_DATA,-,-,-,-
8/3/2026 10:24,NO_DATA,-,-,-,-
8/3/2026 10:25,NO_DATA,-,-,-,-
8/3/2026 10:25,NO_DATA,-,-,-,-
8/3/2026 10:26,NO_DATA,-,-,-,-
8/3/2026 10:26,NO_DATA,-,-,-,-
8/3/2026 10:27,NO_DATA,-,-,-,-
8/3/2026 10:27,NO_DATA,-,-,-,-
8/3/2026 10:28,NO_DATA,-,-,-,-
8/3/2026 10:28,NO_DATA,-,-,-,-
8/3/2026 10:29,NO_DATA,-,-,-,-
8/3/2026 10:29,NO_DATA,-,-,-,-
8/3/2026 10:30,NO_DATA,-,-,-,-
8/3/2026 10:30,NO_DATA,-,-,-,-
8/3/2026 10:31,NO_DATA,-,-,-,-
8/3/2026 10:31,NO_DATA,-,-,-,-
8/3/2026 10:32,NO_DATA,-,-,-,-
8/3/2026 10:32,NO_DATA,-,-,-,-
8/3/2026 10:33,NO_DATA,-,-,-,-
8/3/2026 10:33,NO_DATA,-,-,-,-
8/3/2026 10:34,NO_DATA,-,-,-,-
8/3/2026 10:34,NO_DATA,-,-,-,-
8/3/2026 10:35,NO_DATA,-,-,-,-
8/3/2026 10:35,NO_DATA,-,-,-,-
8/3/2026 10:36,NO_DATA,-,-,-,-
8/3/2026 10:36,NO_DATA,-,-,-,-
8/3/2026 10:37,NO_DATA,-,-,-,-
8/3/2026 10:37,NO_DATA,-,-,-,-
8/3/2026 10:38,NO_DATA,-,-,-,-
8/3/2026 10:38,NO_DATA,-,-,-,-
8/3/2026 10:39,NO_DATA,-,-,-,-
8/3/2026 10:39,NO_DATA,-,-,-,-
8/3/2026 10:40,NO_DATA,-,-,-,-
8/3/2026 10:40,NO_DATA,-,-,-,-
8/3/2026 10:41,NO_DATA,-,-,-,-
8/3/2026 10:41,NO_DATA,-,-,-,-
8/3/2026 10:42,NO_DATA,-,-,-,-
8/3/2026 10:43,NO_DATA,-,-,-,-
8/3/2026 10:43,NO_DATA,-,-,-,-
8/3/2026 10:44,NO_DATA,-,-,-,-
8/3/2026 10:44,NO_DATA,-,-,-,-
8/3/2026 10:45,NO_DATA,-,-,-,-
8/3/2026 10:45,NO_DATA,-,-,-,-
8/3/2026 10:46,NO_DATA,-,-,-,-
8/3/2026 10:46,NO_DATA,-,-,-,-
8/3/2026 10:47,NO_DATA,-,-,-,-
8/3/2026 10:47,NO_DATA,-,-,-,-
8/3/2026 10:48,NO_DATA,-,-,-,-
8/3/2026 10:48,NO_DATA,-,-,-,-
8/3/2026 10:49,NO_DATA,-,-,-,-
8/3/2026 10:49,NO_DATA,-,-,-,-
8/3/2026 10:50,NO_DATA,-,-,-,-
8/3/2026 10:50,NO_DATA,-,-,-,-
8/3/2026 10:51,NO_DATA,-,-,-,-
8/3/2026 10:51,NO_DATA,-,-,-,-
8/3/2026 10:52,NO_DATA,-,-,-,-
8/3/2026 10:52,NO_DATA,-,-,-,-
8/3/2026 10:53,NO_DATA,-,-,-,-
8/3/2026 10:53,NO_DATA,-,-,-,-
8/3/2026 10:54,NO_DATA,-,-,-,-
8/3/2026 10:54,NO_DATA,-,-,-,-
